restaurant_id,name,description,address,image_url,latitude,longitude
91db9574-51f5-4767-ad6e-88ec05dc167c,Subway,"Sandwiches, Salads, Dessert, Snacks","2003 Pease St, Houston, TX 77003, USA","https://img.cdn4dd.com/cdn-cgi/image/fit=contain,width=1200,height=672,format=auto/https://doordash-static.s3.amazonaws.com/media/restaurant/cover_square/Subway-app.jpg",29.7466861,-95.359915
2bdf2d84-d67b-42e5-9002-cceb82aaea93,American Deli,"Deli, Takeout, Gyro, Chicken, Burgers, Fast Food, Chicken Wings, Cheesesteaks, Family Meals, Pickup","6120 Scott St, Houston, TX 77021, USA","https://img.cdn4dd.com/cdn-cgi/image/fit=contain,width=1200,height=672,format=auto/https://doordash-static.s3.amazonaws.com/media/restaurant/cover_square/a0ffc9a7-acc3-49d5-9206-45ba90b5f7a8.png",29.7000121,-95.3600172
c8dee513-3ec8-475b-8ca3-7c65eeb36782,Benihana,"Chicken, Steak, Hibachi, Asian Food, Family Meals, Asian, Sushi, Japanese","1318 Louisiana St, Houston, TX, 77002 USA","https://img.cdn4dd.com/cdn-cgi/image/fit=contain,width=1200,height=672,format=auto/https://doordash-static.s3.amazonaws.com/media/restaurant/cover_square/beni_logo.jpg",29.7560868,-95.3697436
e2e16bd5-fdcb-41b1-9b50-e76b4e5680ce,Pho Saigon,Vietnamese,"2808 Milam St, Houston, TX 77006, USA","https://img.cdn4dd.com/cdn-cgi/image/fit=contain,width=1200,height=672,format=auto/https://doordash-static.s3.amazonaws.com/media/restaurant/cover_square/7282ea56-2306-44f2-b4cc-66d40e1109cf.jpg",29.7451531,-95.3776337
9bc090f7-6aa7-45b0-8b35-6289021fdc2f,Sticky's Chicken,"Chicken, Chicken Wings","Sticky's Chicken, 2311 Edwards St Suite 190, Houston, TX 77007, USA","https://img.cdn4dd.com/cdn-cgi/image/fit=contain,width=1200,height=672,format=auto/https://doordash-static.s3.amazonaws.com/media/restaurant/cover_square/b5ae57f2-ae19-4143-bfb5-f685dd02d5e5.png",29.7701293,-95.3817043
6a3f2902-d9fe-4f38-af4b-48c0c5b83e8c,Izakaya,Ramen Restaurant,"318 Gray St, Houston, TX 77002, USA","https://img.cdn4dd.com/cdn-cgi/image/fit=contain,width=1200,height=672,format=auto/https://doordash-static.s3.amazonaws.com/media/restaurant/cover_square/1f9c818a-28ff-4990-baae-9e996297619a.png",29.7518483,-95.3769374
0a53f061-ab7d-47fd-b6e9-9d672831040c,BunSlut,BunSlut,"1731 Westheimer Rd, Houston, TX 77098, USA","https://img.cdn4dd.com/cdn-cgi/image/fit=contain,width=1200,height=672,format=auto/https://doordash-static.s3.amazonaws.com/media/restaurant/cover_square/0c136a76-1404-45b3-887e-1879f5a58673.png",29.7426555,-95.4034414
67741de2-1895-4737-add6-e74ce64ad884,Pho Binh,"Vietnamese, Noodles, Pho, Smoothies, Asian","2916 White Oak Dr, Houston, TX 77007, USA","https://img.cdn4dd.com/cdn-cgi/image/fit=contain,width=1200,height=672,format=auto/https://doordash-static.s3.amazonaws.com/media/restaurant/cover_square/cd5fdd68-6654-4a14-91fc-cb50d357e916.997",29.7819194,-95.3902331
088bec67-270b-46be-bc69-05e7435d4091,Dripped Birria,"Halal, Birria, Quesadillas, Fries, Tacos, Nachos, Mexican, Fast Food","1731 Westheimer Rd, Houston, TX 77098, USA","https://img.cdn4dd.com/cdn-cgi/image/fit=contain,width=1200,height=672,format=auto/https://doordash-static.s3.amazonaws.com/media/restaurant/cover_square/3914cdf9-3499-4b21-82b5-e4b8085f0e6e.png",29.7426555,-95.4034414
dfd02647-7393-4dcf-812e-31bcc425977e,B&T Cafe,Baguette & Tea,"B&T Cafe, 2007 W Alabama St ste b, Houston, TX 77098, USA","https://img.cdn4dd.com/cdn-cgi/image/fit=contain,width=1200,height=672,format=auto/https://doordash-static.s3.amazonaws.com/media/restaurant/cover_square/f052d2d9-660c-4aa8-8877-a81d61ffc606.png",29.7382287,-95.408481
0382237c-6348-4be3-917a-1911e448d6a4,Stanton's City Bites,"Burgers, Dinner, Bar and Grill","1420 Edwards St, Houston, TX 77007, USA","https://img.cdn4dd.com/cdn-cgi/image/fit=contain,width=1200,height=672,format=auto/https://doordash-static.s3.amazonaws.com/media/restaurant/cover_square/fb2c747d-b193-40b4-b2f5-2b1a0b2831ac.png",29.7709432,-95.3720701
5d6e417c-35de-46d1-830b-0309cb1b22ab,Huynh Restaurant,Vietnamese Restaurant,"912 St Emanuel St, Houston, TX 77003, USA","https://img.cdn4dd.com/cdn-cgi/image/fit=contain,width=1200,height=672,format=auto/https://doordash-static.s3.amazonaws.com/media/restaurant/cover_square/30534fb4-0e93-4199-b410-2e667d7bf775.png",29.7516624,-95.3556435
4c8851c7-daa2-4ad3-bd65-25bbff0bc1d0,Local Foods,"Sandwiches, Gluten-Free, American (Traditional)","Local Foods, 714 Yale St #1a, Houston, TX 77007, USA","https://img.cdn4dd.com/cdn-cgi/image/fit=contain,width=1200,height=672,format=auto/https://doordash-static.s3.amazonaws.com/media/restaurant/cover_square/edb338d2-d9a4-4579-9fb3-1433b3102f9a.png",29.7836433,-95.3984864
3a761237-de4a-4ea3-a734-17f076d48525,Rodeo Goat,"Pickup, Burgers, Takeout","2118 Lamar St #102, Houston, TX 77003, USA","https://img.cdn4dd.com/cdn-cgi/image/fit=contain,width=1200,height=672,format=auto/https://doordash-static.s3.amazonaws.com/media/restaurant/cover_square/b332ecb5-baec-4e9c-96c1-07b2818dc2ec.png",29.7500755,-95.3558479
54ae7b7e-84f3-4c7e-9bda-de32d2b0d2a9,Barnaby's Cafe,"American (New), Breakfast & Brunch, Salad","Barnaby's Cafe, 414 W Gray St, Houston, TX 77019, USA","https://img.cdn4dd.com/cdn-cgi/image/fit=contain,width=1200,height=672,format=auto/https://doordash-static.s3.amazonaws.com/media/restaurant/cover_square/674a9853-cd1f-4472-a1d8-b4b18bac2199.png",29.753638,-95.387163
f9fbc7eb-f8df-4078-bd18-d07ee38b91b1,Tacodeli,"Vegetarian, Tacos, Lunch, Breakfast, Mexican","1902 Washington Ave, Houston, TX 77007, USA","https://img.cdn4dd.com/cdn-cgi/image/fit=contain,width=1200,height=672,format=auto/https://doordash-static.s3.amazonaws.com/media/restaurant/cover_square/5de4ffb3-a829-46f6-a4ba-7057378e94f4.png",29.7681995,-95.3774617
757c11da-6f1d-4910-8cd5-4e966b9feabf,Istanbul Grill,"Turkish, Middle Eastern, Mediterranean, Bar and Grill","5613 Morningside Dr, Houston, TX 77005, USA","https://img.cdn4dd.com/cdn-cgi/image/fit=contain,width=1200,height=672,format=auto/https://doordash-static.s3.amazonaws.com/media/restaurant/cover_square/Istanbul_Grill_logo.jpg",29.7155837,-95.4146036
67c6fa02-ce32-457e-b154-08451d751e0a,Twisted Grilled Cheese,Twisted Grilled Cheese,"5555 Washington Ave, Houston, TX 77007, USA","https://img.cdn4dd.com/cdn-cgi/image/fit=contain,width=1200,height=672,format=auto/https://doordash-static.s3.amazonaws.com/media/restaurant/cover_square/0fdef933-9ad0-4aa6-a53d-3d38043c997f.png",29.7703302,-95.4179692
659421d8-118c-4277-8ade-6968fd43ae08,Kim Son Restaurant,"Chinese, Asian, Buffets, Dim Sum, Vietnamese, Pickup, Takeout","2001 Jefferson St, Houston, TX 77003, USA","https://img.cdn4dd.com/cdn-cgi/image/fit=contain,width=1200,height=672,format=auto/https://doordash-static.s3.amazonaws.com/media/restaurant/cover_square/Kim_Son_Restaurant_logo.png",29.7458523,-95.3602462
27807126-f6a7-4c5c-9522-28e93e046bce,Flower Child,"Pickup, Takeout, American (New), Gluten-Free, Vegetarian, Healthy","1533 N Shepherd Dr Suite 100, Houston, TX 77008, USA","https://img.cdn4dd.com/cdn-cgi/image/fit=contain,width=1200,height=672,format=auto/https://doordash-static.s3.amazonaws.com/media/restaurant/cover_square/flower_logo.jpg",29.7988843,-95.4103956
e1195eff-03e3-4878-b49b-2a378e5ea44c,Urban Eats,"Cafe barista, fast-casual eatery, and gourmand market all in one.","3414 Washington Avenue, Houston, TX 77007, USA","https://img.cdn4dd.com/cdn-cgi/image/fit=contain,width=1200,height=672,format=auto/https://doordash-static.s3.amazonaws.com/media/restaurant/cover_square/Urban-Eats_logo.png",29.7695664,-95.3947899
5eb1bca1-6dbf-4120-9b82-bab498de9696,Lupe Tortilla,Mexican Restaurant,"1511 Shepherd Dr, Houston, TX 77007, USA","https://img.cdn4dd.com/cdn-cgi/image/fit=contain,width=1200,height=672,format=auto/https://doordash-static.s3.amazonaws.com/media/restaurant/cover_square/0371036b-6fc6-4e11-8435-f952dd8da881.png",29.7745943,-95.4098315
f9932228-1be9-400f-b772-521fc49f64bd,Common Bond Bistro & Bakery,"Lunch, Pastries, Breakfast, Cookies, Biscuits & Gravy, Sandwiches, Croissant, Cafes, Sweets, Latte","1706 Westheimer Rd, Houston, TX 77006, USA","https://img.cdn4dd.com/cdn-cgi/image/fit=contain,width=1200,height=672,format=auto/https://doordash-static.s3.amazonaws.com/media/restaurant/cover_square/CB_BBB_Logo_General_Round.jpg",29.7429809,-95.40232
290b8f12-f9a0-4098-b9be-17475cc6b1e7,The Fish,"Seafood, Nigiri, Sashimi, Salads","309 Gray St #107, Houston, TX 77002, USA","https://img.cdn4dd.com/cdn-cgi/image/fit=contain,width=1200,height=672,format=auto/https://doordash-static.s3.amazonaws.com/media/restaurant/cover_square/The_Fish.jpg",29.7521219,-95.3766822
b5350fa7-bbc3-4143-af02-2efeb6435926,Mo' Better Brews,"Vegan, Wine, Beer, Waffles, Pancakes, Sandwiches, Pizza","1201 Southmore Blvd, Houston, TX 77004, USA","https://img.cdn4dd.com/cdn-cgi/image/fit=contain,width=1200,height=672,format=auto/https://doordash-static.s3.amazonaws.com/media/restaurant/cover_square/631c5cab-18d3-4592-89fd-78c34ffcd2a8.jpg",29.7275659,-95.385387
3393cfee-b8dd-46f7-b37c-43b7de33e9e9,Lone Star Taco,"Tex-Mex, Sandwich, Takeout, Pickup, Lunch, Breakfast, Mexican, Tacos","1001 Texas St, Houston, TX 77002, USA","https://img.cdn4dd.com/cdn-cgi/image/fit=contain,width=1200,height=672,format=auto/https://doordash-static.s3.amazonaws.com/media/restaurant/cover_square/ab1f1dcb-7e32-4914-bd6d-1f0495448c9e.png",29.760042,-95.362112
d0c8affa-6774-433d-924a-88fb1febaa6f,Chatter's Cafe,"Cafes, Breakfast, American (New), Sandwich, Lunch, Catering","140 S Heights Blvd, 140 South Heights Boulevard, Houston, TX 77007, USA","https://img.cdn4dd.com/cdn-cgi/image/fit=contain,width=1200,height=672,format=auto/https://doordash-static.s3.amazonaws.com/media/restaurant/cover_square/c2e4ae9c-ef94-4aca-8960-a80fdf01d8ba.png",29.768141,-95.3975717
df11692a-231f-4ee9-ab82-d385b8f8a918,Asia Market Restaurant,"Thai, Appetizers, Noodles, Curry, Salads","4822 Fulton St, Houston, TX 77009, USA","https://img.cdn4dd.com/cdn-cgi/image/fit=contain,width=1200,height=672,format=auto/https://doordash-static.s3.amazonaws.com/media/restaurant/cover_square/Asia_Market_Restaurant_logo.png",29.80393,-95.36825
916e1d28-7849-4296-bf25-c36c91355669,Flying Fish,"Seafood, Cajun/Creole, Fish & Chips","1815 N Durham Dr, Houston, TX 77008, USA","https://img.cdn4dd.com/cdn-cgi/image/fit=contain,width=1200,height=672,format=auto/https://doordash-static.s3.amazonaws.com/media/restaurant/cover_square/Flying_Fish_logo.png",29.8023816,-95.4125681
00b968f3-113a-4452-a36f-f47924a118d4,Cheba Hut,Toasted Subs,"2150 Edwards St, Houston, TX 77007, USA","https://img.cdn4dd.com/cdn-cgi/image/fit=contain,width=1200,height=672,format=auto/https://doordash-static.s3.amazonaws.com/media/restaurant/cover_square/2df103c4-83f4-452b-a985-ea2a9859c754.png",29.770854,-95.3798034
9f130eb8-28f5-423c-8c2b-f1f616337ffc,IHOP,"Chicken, Milk Shakes, American, Burgers, Sandwiches, Pancakes, Breakfast","2515 Southwest Fwy, Houston, TX 77098, USA","https://img.cdn4dd.com/cdn-cgi/image/fit=contain,width=1200,height=672,format=auto/https://doordash-static.s3.amazonaws.com/media/restaurant/cover_square/IHOP_logo.jpg",29.729884,-95.416786
1f546eaa-7520-417b-af9b-45c317d4da5f,Rudyards British Pub,Rudyards British Pub,"Rudyard's, 2010 Waugh Dr, Houston, TX 77006, USA","https://img.cdn4dd.com/cdn-cgi/image/fit=contain,width=1200,height=672,format=auto/https://doordash-static.s3.amazonaws.com/media/restaurant/cover_square/573c665d-9d11-4714-8795-75a806b060f9.png",29.7499735,-95.396559
144f77a1-bc03-44a8-937f-c5f5605af91d,Ouisie's Table,"Brunch, Seafood, Sandwiches, Dessert, Salads","Ouisie's Table, 3939 San Felipe St, Houston, TX 77027, USA","https://img.cdn4dd.com/cdn-cgi/image/fit=contain,width=1200,height=672,format=auto/https://doordash-static.s3.amazonaws.com/media/restaurant/cover_square/09840305-303c-4c34-8403-30563d371bf4.png",29.7460082,-95.4431674
ae171c37-7f89-410b-a339-8d4a5011556e,Fukuoka Sushi Bar & Grill,"Noodles, Salads, Rolls, Bento Box, Nigiri, Grill, Japanese, Sushi Bars, Sashimi","2808 Milam St c, Houston, TX 77006, USA","https://img.cdn4dd.com/cdn-cgi/image/fit=contain,width=1200,height=672,format=auto/https://doordash-static.s3.amazonaws.com/media/restaurant/cover_square/72a8ae73-47e9-43de-908b-0e881a93756d.png",29.7449905,-95.3775664
10810082-0318-413c-b2cb-e54e78a06752,Thai Pepper,Exquisite Thai Cuisine,"2049 W Alabama St, Houston, TX 77098, USA","https://img.cdn4dd.com/cdn-cgi/image/fit=contain,width=1200,height=672,format=auto/https://doordash-static.s3.amazonaws.com/media/restaurant/cover_square/Thai_Pepper.png",29.7383305,-95.4101747
77b9776e-ffd8-465d-b903-6573a036d672,Dish Society,Farm-to-Table Modern American,"1050 Yale St, Houston, TX 77008, USA","https://img.cdn4dd.com/cdn-cgi/image/fit=contain,width=1200,height=672,format=auto/https://doordash-static.s3.amazonaws.com/media/restaurant/cover_square/240af03e-2251-44b0-8087-c9d2e81b2db9.png",29.7904676,-95.3981711
44dab6ad-09f2-4396-b606-8a25f6bf7913,Torchy's Tacos,Tacos,"2411 S Shepherd Dr, 2411 South Shepherd Drive, Houston, TX 77019, USA","https://img.cdn4dd.com/cdn-cgi/image/fit=contain,width=1200,height=672,format=auto/https://doordash-static.s3.amazonaws.com/media/restaurant/cover_square/3d14b3a1-f4df-4eca-a0d5-bdcf6db1ad80.png",29.7440974,-95.4104148
84710d08-fbf9-49a1-8bc1-b4bbcf9e9c61,Luby's,"Comfort Food, Burgers, American, Pickup, Chicken, Takeout","1727 Old Spanish Trail, Houston, TX 77054, USA","https://img.cdn4dd.com/cdn-cgi/image/fit=contain,width=1200,height=672,format=auto/https://doordash-static.s3.amazonaws.com/media/restaurant/cover_square/8f647d5f-98bb-46b5-9256-752c9f967f42.jpg",29.6959663,-95.4023256
54cf27cb-6478-45b7-9240-d9eeb5e2e2ed,DUPSY’S A Modern African Kitchen,DUPSY’S A Modern African Kitchen,"2616 Blodgett St, Houston, TX 77004, USA","https://img.cdn4dd.com/cdn-cgi/image/fit=contain,width=1200,height=672,format=auto/https://doordash-static.s3.amazonaws.com/media/restaurant/cover_square/5dd75c88-9572-45e4-84d9-17546b14e9e6.jpeg",29.7226889,-95.3704827
83e04ce0-cf0c-468a-9df3-242356ea4052,888 Chinese Restaurant,"Wings, Soup, Chinese, Seafood, Spring Rolls, Asian, Beef, Szechuan, Chow Mein, Fried Rice, Dumplings, Chicken","2410 S Wayside Dr, Houston, TX 77023, USA","https://img.cdn4dd.com/cdn-cgi/image/fit=contain,width=1200,height=672,format=auto/https://doordash-static.s3.amazonaws.com/media/restaurant/cover_square/bcbebeca-fa56-4307-a480-7da2c541e293.png",29.7143389,-95.3162341
665d3fd9-1e5c-4ec1-ac77-ab00e73d1113,Chick-fil-A,Chicken. Sides. Desserts.,"2222 Shearn St, Houston, TX 77007, USA","https://img.cdn4dd.com/cdn-cgi/image/fit=contain,width=1200,height=672,format=auto/https://doordash-static.s3.amazonaws.com/media/restaurant/cover_square/Chick-fil-AÂ_logo.png",29.7748244,-95.3810132
40a9c14f-de49-4be8-9b74-8704710639f5,Texas Super Chicken and Rice,"American, Chinese, Chicken, Seafood, Fried Rice","6844 Navigation Blvd, Houston, TX 77011, USA","https://img.cdn4dd.com/cdn-cgi/image/fit=contain,width=1200,height=672,format=auto/https://doordash-static.s3.amazonaws.com/media/restaurant/cover_square/3686f2ba-2883-4323-b947-1ec38ea90d46.png",29.7442596,-95.3013272
afb244c7-86d0-460a-a49b-92f607cbc782,Nekter Juice Bar,"Juice Bar, Smoothies, Acai Bowls","304 Gray St, Houston, TX 77002, USA","https://img.cdn4dd.com/cdn-cgi/image/fit=contain,width=1200,height=672,format=auto/https://doordash-static.s3.amazonaws.com/media/restaurant/cover_square/Nekter_Juice_Bar_logo_.png",29.7520678,-95.3772751
2c33f7ce-4a6b-4ee9-9913-bcf14fa154b0,Cafe Ginger,"Chinese, Takeout, Seafood, Pickup, Sushi Bars","Café Ginger, River Oaks Shopping Center, 1574 W Gray St, Houston, TX 77019, USA","https://img.cdn4dd.com/cdn-cgi/image/fit=contain,width=1200,height=672,format=auto/https://doordash-static.s3.amazonaws.com/media/restaurant/cover_square/68935e89-2d9b-4b02-879e-69d775825906.png",29.754336,-95.402018
acc20b7e-b41e-4490-9396-d77eff8ce221,Refresqueria El Caribeño,"Smoothies, Ice Cream, Fruit","Refresqueria El Caribeno, 2525 S Wayside Dr suite j, Houston, TX 77023, USA","https://img.cdn4dd.com/cdn-cgi/image/fit=contain,width=1200,height=672,format=auto/https://doordash-static.s3.amazonaws.com/media/restaurant/cover_square/0deaec34-d116-4f97-ac47-ae937d9b9068.png",29.7118789,-95.316327
e5a62d47-9b57-42d4-be58-f5fd53a22b51,Auntie Chang's Dumpling House,"Chinese, Asian, Dumplings, Noodles, Takeout","2621 S Shepherd Dr, Houston, TX 77098, USA","https://img.cdn4dd.com/cdn-cgi/image/fit=contain,width=1200,height=672,format=auto/https://doordash-static.s3.amazonaws.com/media/restaurant/cover_square/a17ef034-e49d-4b83-b815-6b44394636ae.png",29.7409587,-95.410312
8bc26029-0e62-4e1a-bad0-a5b3a7044d75,Gyroville,"Falafel, Mediterranean, Gyro, Wraps, Greek","1324 N Shepherd Dr, Houston, TX 77008, USA","https://img.cdn4dd.com/cdn-cgi/image/fit=contain,width=1200,height=672,format=auto/https://doordash-static.s3.amazonaws.com/media/restaurant/cover_square/8125b2cf-632b-4d24-bd2e-2a540fb5e150.png",29.7953379,-95.409903
f49c86b0-11c6-412c-9434-fdb57ec41880,Poke Fresh,"Asian, Poke, Japanese, Sushi Bars","507 Dallas St suite a, Houston, TX 77002, USA","https://img.cdn4dd.com/cdn-cgi/image/fit=contain,width=1200,height=672,format=auto/https://doordash-static.s3.amazonaws.com/media/restaurant/cover_square/443d089f-91e6-4012-aa0e-3fc18cca011f.png",29.7581013,-95.3699503
9e34582b-97d5-4ccd-9886-ca297b848c35,Hungry's Cafe & Bistro,"American, Dessert, Coffee, Salads, Pizza","2356 Rice Boulevard, Houston, TX 77005, USA","https://img.cdn4dd.com/cdn-cgi/image/fit=contain,width=1200,height=672,format=auto/https://doordash-static.s3.amazonaws.com/media/restaurant/cover_square/348fbb1a-8915-4768-bf54-d77350c57522.png",29.7179128,-95.4136319
b78c8fb8-b32a-4007-a0d6-337fdc7271f3,Crawfish Cafe Heights,Seafood,"Crawfish Cafe, 1026 N Shepherd Dr, Houston, TX 77008, USA","https://img.cdn4dd.com/cdn-cgi/image/fit=contain,width=1200,height=672,format=auto/https://doordash-static.s3.amazonaws.com/media/restaurant/cover_square/f69237ce-55fc-4607-8d60-f19ee818b9a6.png",29.7896319,-95.409561
679f124f-5760-4217-bc99-a0a9989a9a2d,Sixty Vines,"Salads, Pizza, American (New)","2540 University Blvd, Houston, TX 77005, USA","https://img.cdn4dd.com/cdn-cgi/image/fit=contain,width=1200,height=672,format=auto/https://doordash-static.s3.amazonaws.com/media/restaurant/cover_square/sixtyvines.png",29.7153626,-95.417499
ecdc7386-5b37-481a-9bf7-72ab88116d1d,Sprinkles Cupcakes,"Variety of cupcakes, cookies, and brownies","2563 Amherst St Rear A134, Houston, TX 77005, USA","https://img.cdn4dd.com/cdn-cgi/image/fit=contain,width=1200,height=672,format=auto/https://doordash-static.s3.amazonaws.com/media/restaurant/cover_square/d6ae6d60-b1b6-4d67-9edd-17adf4025410.png",29.7157095,-95.4176275
f7f23ba1-7f41-465e-99e4-462e3d6e52a8,Pepperonis Pizza,"Pizza, Chicken Wings, Salads","946 N Shepherd Dr #B, Houston, TX 77008, USA","https://img.cdn4dd.com/cdn-cgi/image/fit=contain,width=1200,height=672,format=auto/https://doordash-static.s3.amazonaws.com/media/restaurant/cover_square/609dfb3c-8727-442f-af33-5baa2680e45d.jpg",29.7884412,-95.4094587
609528e3-0548-4423-8f3a-bdbcc67a0de8,WINNIES,WINNIES,"3622 Main St, Houston, TX 77002, USA","https://img.cdn4dd.com/cdn-cgi/image/fit=contain,width=1200,height=672,format=auto/https://doordash-static.s3.amazonaws.com/media/restaurant/cover_square/ca36a576-6b2c-4d5f-8a83-ed0d226e822d.png",29.7387815,-95.3796824
9c69518d-0c85-459a-8249-1e7f0d02b0d4,Starbucks,"Coffee & Tea, Breakfast, Lunch, and Sweets","2101 Smith St #101, Houston, TX 77002, USA","https://img.cdn4dd.com/cdn-cgi/image/fit=contain,width=1200,height=672,format=auto/https://doordash-static.s3.amazonaws.com/media/restaurant/cover_square/2c09d946-5237-4271-9f64-a23a83b3e8a1.05",29.7505562,-95.3747082
8f9b6f1b-3101-4510-90c9-a5274a3df0b8,The Nash,"American, Dessert, Snacks, Pizza","The Nash, 1111 Rusk St Suite 172, Houston, TX 77002, USA","https://img.cdn4dd.com/cdn-cgi/image/fit=contain,width=1200,height=672,format=auto/https://doordash-static.s3.amazonaws.com/media/restaurant/cover_square/19ff4fe7-58c2-4400-ab19-285dfa4dab23.png",29.75797,-95.3625108
0ca69ece-38ad-4109-9302-48e9041fbe32,La Calle Tacos,"Takeout, Tacos, Breakfast, Pickup, Lunch, Mexican, Sandwich","La Calle, 909 Franklin St, Houston, TX 77002, USA","https://img.cdn4dd.com/cdn-cgi/image/fit=contain,width=1200,height=672,format=auto/https://doordash-static.s3.amazonaws.com/media/restaurant/cover_square/f619098f-4bb3-4fb5-9ad6-118f8c29e960.png",29.7635455,-95.360686
307ddb07-fda5-4b99-ba2f-264fc831eef1,Russo's New York Pizzeria & Italian Kitchen,"Italian, Pizza","2805 White Oak Dr #101, Houston, TX 77007, USA","https://img.cdn4dd.com/cdn-cgi/image/fit=contain,width=1200,height=672,format=auto/https://doordash-static.s3.amazonaws.com/media/restaurant/cover_square/a3eb1734-1163-4fc0-98c0-1712c6f8ed5e.png",29.781296,-95.388991
074060f7-a1cc-4b0f-bcef-0bf9eb0213fb,Kim Son Cafe,"Asian, Vietnamese, Dim Sum, Takeout, Catering, Sushi, Pickup, Japanese","Kim Son Cafe Rice Village, 2512 Rice Boulevard, Houston, TX 77005, USA","https://img.cdn4dd.com/cdn-cgi/image/fit=contain,width=1200,height=672,format=auto/https://doordash-static.s3.amazonaws.com/media/restaurant/cover_square/Kim_Son_Cafe.jpg",29.71763415,-95.41731318
f453d18d-f9d4-4593-a6ce-ba0921963e6c,Pinstripes,American,"3300 Kirby Dr, Houston, TX 77098, USA","https://img.cdn4dd.com/cdn-cgi/image/fit=contain,width=1200,height=672,format=auto/https://doordash-static.s3.amazonaws.com/media/restaurant/cover_square/2d6cd668-6448-4abd-b27b-6df6fdc57156.jpg",29.7355813,-95.4187619
27ace678-1701-4372-bda5-f46212c9533e,La fiesta resturant & cantina,La fiesta resturant & cantina,"9427 Katy Freeway Service Road, Houston, TX 77007, USA","https://img.cdn4dd.com/cdn-cgi/image/fit=contain,width=1200,height=672,format=auto/https://doordash-static.s3.amazonaws.com/media/restaurant/cover_square/d202dd0f-fd2b-4b98-9157-29d8a9bf4a8a.png",29.7763934,-95.387658
1fbb0be8-f722-4f20-9d99-702bc3fd6bb2,Zelda's Teriyaki,"Teriyaki, Chicken, Gluten-Free, Dessert","2616 Blodgett St, Houston, TX 77004, USA","https://img.cdn4dd.com/cdn-cgi/image/fit=contain,width=1200,height=672,format=auto/https://doordash-static.s3.amazonaws.com/media/restaurant/cover_square/4a91e856-5e9c-4f5a-aac4-f5a7e9b2f045.png",29.7226889,-95.3704827
5fc29fd4-1e82-40aa-a5b6-490c42d172eb,Maison Pucha Bistro,"Pickup, Takeout, Latin American, French","Maison Pucha Bistro, 1001 Studewood St #A, Houston, TX 77008, USA","https://img.cdn4dd.com/cdn-cgi/image/fit=contain,width=1200,height=672,format=auto/https://doordash-static.s3.amazonaws.com/media/restaurant/cover_square/f96a8139-f484-43e4-ac8c-f245037759e5.png",29.7891736,-95.3880214
d2591b22-5483-4e43-a94c-25b865764b19,This Is It Soul Food,"Soul Food, Dessert, Barbecue","2712 Blodgett St, Houston, TX 77004, USA","https://img.cdn4dd.com/cdn-cgi/image/fit=contain,width=1200,height=672,format=auto/https://doordash-static.s3.amazonaws.com/media/restaurant/cover_square/d3a8b983-fac2-45a5-8f65-2075fc1d99ca.png",29.7230362,-95.3697059
ff06915c-f8a1-4e1c-ac57-d31ebb61689d,Twin Peaks,"Twin Peaks is your local sports lodge. Come in for made-from-scratch food, signature 29° draft beers, and all the scenic views.","4527 Lomitas St, Houston, TX 77098, USA","https://img.cdn4dd.com/cdn-cgi/image/fit=contain,width=1200,height=672,format=auto/https://doordash-static.s3.amazonaws.com/media/restaurant/cover_square/61fe91bb-3b8a-4973-8a19-7530c5b159e5.png",29.7315754,-95.4172376
6aa417fb-6045-47d1-a82f-d82ccd0bb6de,Capriotti's,"Wagyu, Cheesesteaks, American, Sandwiches","1035 N Shepherd Dr, Houston, TX 77008, USA","https://img.cdn4dd.com/cdn-cgi/image/fit=contain,width=1200,height=672,format=auto/https://doordash-static.s3.amazonaws.com/media/restaurant/cover_square/676c0a96-841a-4998-83eb-45d519404fce.jpg",29.7893196,-95.4111361
9b693a22-7d43-4d4a-9e56-ef5221d7f1d0,Mc Qua Seafood & Daiquiri Shack,Mc Qua Seafood & Daiquiri Shack,"3321 Dixie Dr, Houston, TX 77021, USA","https://img.cdn4dd.com/cdn-cgi/image/fit=contain,width=1200,height=672,format=auto/https://doordash-static.s3.amazonaws.com/media/restaurant/cover_square/e0c594ea-5461-436d-8df3-9521d17adb5b.png",29.7051494,-95.3718932
24b8027b-abab-4f2e-9d92-36d976c61d79,Peony & Crane,Peony & Crane,"626 W 19th St, Houston, TX 77008, USA","https://img.cdn4dd.com/cdn-cgi/image/fit=contain,width=1200,height=672,format=auto/https://doordash-static.s3.amazonaws.com/media/restaurant/cover_square/79762362-4bf0-46dd-80bc-b5b59d62e9e4.jpg",29.8026272,-95.4093155
f980a2ee-576f-4c4b-957c-24e7ce869d76,The Rustic,Southern,"1836 Polk St, Houston, TX 77010, USA","https://img.cdn4dd.com/cdn-cgi/image/fit=contain,width=1200,height=672,format=auto/https://doordash-static.s3.amazonaws.com/media/restaurant/cover_square/a58a52ab-1186-49fd-8889-6d6f99b9baba.png",29.7500039,-95.3598537
d50fccdd-024c-43e4-a801-e7c2abaadbbc,The Fry Guys,"New York Fries, Chicken, Fries","310 North St, Houston, TX 77009, USA","https://img.cdn4dd.com/cdn-cgi/image/fit=contain,width=1200,height=672,format=auto/https://doordash-static.s3.amazonaws.com/media/restaurant/cover_square/bf488286-e877-4d17-912e-74971afe816e.png",29.7854976694268,-95.368280125795
72bb28e8-fce1-421d-8f5c-34bc77ee148b,The Savoy Icehouse,The Savoy Icehouse,"4402 Emancipation Ave, Houston, TX 77004, USA","https://img.cdn4dd.com/cdn-cgi/image/fit=contain,width=1200,height=672,format=auto/https://doordash-static.s3.amazonaws.com/media/restaurant/cover_square/6e14f159-776a-4799-9527-bdcc64f49343.png",29.7268747,-95.3712799
f99a29c8-d267-4d20-b1bd-cfab45b90a21,EggHaus Gourmet,"Takeout, Healthy, Sandwich, Mexican, Pickup, Breakfast","2042 E T C Jester Blvd, Houston, TX 77008, USA","https://img.cdn4dd.com/cdn-cgi/image/fit=contain,width=1200,height=672,format=auto/https://doordash-static.s3.amazonaws.com/media/restaurant/cover_square/77ec5341-d711-4906-906e-c7aaf84f0ca8.png",29.8042234,-95.4270536
1e632518-ee30-4a71-b3d6-04b985580960,Bebidas,"Smoothies, Tacos, Coffee, Sandwiches","Bebidas, 2606 Edloe St, Houston, TX 77027, USA","https://img.cdn4dd.com/cdn-cgi/image/fit=contain,width=1200,height=672,format=auto/https://doordash-static.s3.amazonaws.com/media/restaurant/cover_square/9206bbe3-fce8-45ae-8c15-a0420dc3a9f2.png",29.7412793,-95.4340316
dd933a25-24ad-4652-acbd-6b54ea0c4649,Canary Cafe,Canary Cafe,"Canary Cafe, 4928 Fulton St Suite A, Houston, TX 77009, USA","https://img.cdn4dd.com/cdn-cgi/image/fit=contain,width=1200,height=672,format=auto/https://doordash-static.s3.amazonaws.com/media/restaurant/cover_square/5468efd1-63ba-4636-ae8c-b33896cfee58.png",29.8045399,-95.3683976
34a833d5-fe71-434a-841f-1c8d40a3e9c7,Plant Rebelde LLC,"Vegan, Pie, Cupcakes, Bakery, Cookies, Empanadas, Sandwich, Fries","2616 Blodgett St, Houston, TX 77004, USA","https://img.cdn4dd.com/cdn-cgi/image/fit=contain,width=1200,height=672,format=auto/https://doordash-static.s3.amazonaws.com/media/restaurant/cover_square/b3fd154c-7621-4197-9a00-fd5147329773.jpg",29.7226889,-95.3704827
b7b91b39-f841-47cf-8172-07a41d9dc238,Pacific Coast Tacos,"Mexican, Breakfast, Tacos, Fries, Dessert","6329 Washington Ave, Houston, TX 77007, USA","https://img.cdn4dd.com/cdn-cgi/image/fit=contain,width=1200,height=672,format=auto/https://doordash-static.s3.amazonaws.com/media/restaurant/cover_square/40090d8c-87ac-4182-bfc3-dfff3a653997.png",29.7741242,-95.42601
3ed4a692-88e4-452e-994a-f87ba1301ee5,Bluestone Lane,Coffee Shop & Bar,"115 W 19th St, Houston, TX 77008, USA","https://img.cdn4dd.com/cdn-cgi/image/fit=contain,width=1200,height=672,format=auto/https://doordash-static.s3.amazonaws.com/media/restaurant/cover_square/e719fe28-0bef-4c61-bfb3-c9c1d9b05f1f.png",29.8032465,-95.3985567
e5340482-0fa4-4560-bb66-390e16b019fa,Crave Cupcakes,"Dessert, Takeout, Pickup, Cupcakes","5600 Kirby Drive, Houston, TX 77005, USA","https://img.cdn4dd.com/cdn-cgi/image/fit=contain,width=1200,height=672,format=auto/https://doordash-static.s3.amazonaws.com/media/restaurant/cover_square/05c917b7-c991-496c-931b-24db5f906d74.png",29.7214356,-95.4189031
e5ca8807-295f-4f94-9c44-a08097a6271c,Red Dessert,"Bakery, Dessert, Coffee","1045 Studewood St, Houston, TX 77008, USA","https://img.cdn4dd.com/cdn-cgi/image/fit=contain,width=1200,height=672,format=auto/https://doordash-static.s3.amazonaws.com/media/restaurant/cover_square/b17085da-c7a8-420a-a8de-61adf1d2de7f.png",29.7903167,-95.3880167
f56b006e-33fe-463b-b011-67d844fa0cb3,McDonald's,McDonald's,"2017 Main St Parking, 2017 Main St, Houston, TX 77002, USA","https://img.cdn4dd.com/cdn-cgi/image/fit=contain,width=1200,height=672,format=auto/https://doordash-static.s3.amazonaws.com/media/restaurant/cover_square/efe58558-a9dc-466d-922b-ecce4b3213b1.png",29.748692,-95.370802
43110922-7d3c-428d-94b1-58e89c271ecf,Whataburger,"Breakfast, Fast Food, Burgers","3636 N Main St, Houston, TX 77009, USA","https://img.cdn4dd.com/cdn-cgi/image/fit=contain,width=1200,height=672,format=auto/https://doordash-static.s3.amazonaws.com/media/restaurant/cover_square/185dbfce-0343-4325-8547-55b157c68db5.png",29.7913369,-95.3732016
476c7b93-c4d7-485f-9044-97d5f501e97b,Burger King,"Burgers, Fast Food","Burger King, 2316 Scott St, Houston, TX 77004, USA","https://img.cdn4dd.com/cdn-cgi/image/fit=contain,width=1200,height=672,format=auto/https://doordash-static.s3.amazonaws.com/media/restaurant/cover_square/d43b7d43-f85b-4645-a31b-89abf0d9a407.png",29.734045,-95.3485183
720b1cdf-ad19-44df-8efc-86b6e5679fd5,Christy's Donuts & Kolaches,"Donuts, Breakfast & Brunch, Bakeries","Christy's Donuts Kolaches, 1103 W Gray St, Houston, TX 77019, USA","https://img.cdn4dd.com/cdn-cgi/image/fit=contain,width=1200,height=672,format=auto/https://doordash-static.s3.amazonaws.com/media/restaurant/cover_square/45c1a92e-637a-4fbf-8ed4-7e74b4104429.png",29.7529896,-95.392387
9f4ed18f-73c9-4706-b4ba-fe31e2401d45,Sonic Drive-in,America's drive-in serving fast food meals,"2720 Washington Ave, Houston, TX 77007, USA","https://img.cdn4dd.com/cdn-cgi/image/fit=contain,width=1200,height=672,format=auto/https://doordash-static.s3.amazonaws.com/media/restaurant/cover_square/be7348b1-9747-4a8f-b532-3452d38de6f3.png",29.7690238,-95.3874318
9c69518d-0c85-459a-8249-1e7f0d02b0d4,Starbucks,"Coffee & Tea, Breakfast, Lunch, and Sweets","914 Dallas St, Houston, TX 77002, USA","https://img.cdn4dd.com/cdn-cgi/image/fit=contain,width=1200,height=672,format=auto/https://doordash-static.s3.amazonaws.com/media/restaurant/cover_square/2c09d946-5237-4271-9f64-a23a83b3e8a1.05",29.755549,-95.3666532
f74f500d-c3c8-44e3-b41b-fa2e8f694361,Taco Bell,"Mexican, Fast Food, Late Night","Taco Bell, 2093 Taylor St, Houston, TX 77007, USA","https://img.cdn4dd.com/cdn-cgi/image/fit=contain,width=1200,height=672,format=auto/https://doordash-static.s3.amazonaws.com/media/restaurant/cover_square/946112c1-9c44-4e21-b18c-0242d4da306c.png",29.7757646,-95.3819373
6cd854d8-fbb2-448a-93dd-cdeea697fc38,Jack in the Box,Jack in the Box,"3110 W Dallas St, Houston, TX 77019, USA","https://img.cdn4dd.com/cdn-cgi/image/fit=contain,width=1200,height=672,format=auto/https://doordash-static.s3.amazonaws.com/media/restaurant/cover_square/Jack_Cover_Square.jpg",29.7577552,-95.3985315
8d59c735-4d7b-4712-86f3-9eb814988243,Laredo Taco Company,"Convenience, Snacks, Ice Cream, Grocery, Breakfast, Lunch, Enchiladas, Carnitas, Barbacoa, Tacos, Nachos","4615 San Jacinto St, Houston, TX 77004, USA","https://img.cdn4dd.com/cdn-cgi/image/fit=contain,width=1200,height=672,format=auto/https://doordash-static.s3.amazonaws.com/media/restaurant/cover_square/01ddfff0-167a-425d-9d98-81b3699c768e.png",29.7314516,-95.3822571
c8d80e3f-5ba2-4c6b-b39e-6ae3b7420b6f,Taco Cabana,"Mexican, Tacos, Burritos, Quesadillas, Nachos, Tex-Mex, Breakfast, Breakfast Burrito, Margarita, Enchiladas, Family Meals, Salads","167 Yale St, Houston, TX 77007, USA","https://img.cdn4dd.com/cdn-cgi/image/fit=contain,width=1200,height=672,format=auto/https://doordash-static.s3.amazonaws.com/media/restaurant/cover_square/TacoCabana_CMYK_300x96_2.jpg",29.7734199,-95.3990884
a79af9a7-d8cc-4199-82da-8c02307f6c4a,Berryhill Baja Grill,Seriously Fresh Mex,"702 E 11th St, 702 East 11th Street, Houston, TX 77008, USA","https://img.cdn4dd.com/cdn-cgi/image/fit=contain,width=1200,height=672,format=auto/https://doordash-static.s3.amazonaws.com/media/restaurant/cover_square/53ee0545-c5ef-4d60-93f7-91f071c17f0c.jpg",29.7905435,-95.3897947
a771ca5a-32a4-4dca-889e-0731f4727567,Empire Cafe,"Coffee & Tea, Breakfast & Brunch, American (New)","1732 Westheimer Rd, 1732 Westheimer Road, Houston, TX 77098, USA","https://img.cdn4dd.com/cdn-cgi/image/fit=contain,width=1200,height=672,format=auto/https://doordash-static.s3.amazonaws.com/media/restaurant/cover_square/Empire_Cafe.png",29.7428851,-95.4035421
0ef5d1d0-5b9b-4458-aeaa-4dc2bd020d69,Kolache Shoppe,"Dessert, Breakfast, Pickup, Sweets, Coffee, Takeout, Lunch","3945 Richmond Ave, Houston, TX 77027, USA","https://img.cdn4dd.com/cdn-cgi/image/fit=contain,width=1200,height=672,format=auto/https://doordash-static.s3.amazonaws.com/media/restaurant/cover_square/e9d693f9-a73c-4797-84a5-f547a360b00c.png",29.7322442,-95.4405719
357211bc-238e-4463-9077-3305b1a98a02,Cafe Express,"Lunch, Sandwiches, Modern European, Healthy, Salad, Chicken, Soup","1422 W Gray St, 1422 West Gray Street, Houston, TX 77019, USA","https://img.cdn4dd.com/cdn-cgi/image/fit=contain,width=1200,height=672,format=auto/https://doordash-static.s3.amazonaws.com/media/restaurant/cover_square/a013ef13-5c4b-4ca6-bc7c-580fea84db5c.png",29.7539251,-95.3994863
1a3bed31-e2be-403e-ab46-f6f4f3d485f7,Cupcake Kitchen,"Soul Food, Bakery, Seafood","2533 Southmore Blvd, Houston, TX 77004, USA","https://img.cdn4dd.com/cdn-cgi/image/fit=contain,width=1200,height=672,format=auto/https://doordash-static.s3.amazonaws.com/media/restaurant/cover_square/02b16b97-3782-48df-8e59-2fcf149aec60.png",29.7203675,-95.373222
166e23bf-c89d-4fcd-a8f4-bd7936c4a55d,On The Kirb,On The Kirb,"2521 Bagby St, Houston, TX 77006, USA","https://img.cdn4dd.com/cdn-cgi/image/fit=contain,width=1200,height=672,format=auto/https://doordash-static.s3.amazonaws.com/media/restaurant/cover_square/8119a8cc-f035-4c9c-9a71-55e9208146d9.png",29.7487137,-95.3787639
da9a95c7-65a0-41df-a6af-7c158fd200e0,Alfreda's Soulfood Cafe,"Soul Food, Cafe, Breakfast, Dessert","5101 Almeda Rd, Houston, TX 77004, USA","https://img.cdn4dd.com/cdn-cgi/image/fit=contain,width=1200,height=672,format=auto/https://doordash-static.s3.amazonaws.com/media/restaurant/cover_square/92e75b46-6278-458b-9036-e3d5b722dc00.png",29.7234313,-95.3782919
8dea939e-395c-4be4-8665-2f94c34b0435,NUA Thai Restaurant,"Thai, Takeout, Pickup","2020 Louisiana St, Houston, TX 77002, USA","https://img.cdn4dd.com/cdn-cgi/image/fit=contain,width=1200,height=672,format=auto/https://doordash-static.s3.amazonaws.com/media/restaurant/cover_square/961b2f28-6ab9-4a89-82d1-35b24de7b9d8.png",29.7506551,-95.3742001
b941713a-fb76-464e-b2ba-7c26277fe78a,DUMPLING HAUS NOODLES & RICE,"Chinese, Dumplings, Noodles, Soup, Vegan","Dumpling Haus, 2313 Edwards St Ste. 180, Houston, TX 77007, USA","https://img.cdn4dd.com/cdn-cgi/image/fit=contain,width=1200,height=672,format=auto/https://doordash-static.s3.amazonaws.com/media/restaurant/cover_square/9fad5cd0-ec5e-401e-ac74-c8f7e460fee6.png",29.7700994,-95.3817322
3173e4e2-ed14-42f8-93dc-81b2c65eb5a9,Salata,The Fresh Salad Kitchen,"500 Dallas St, Houston, TX 77002, USA","https://img.cdn4dd.com/cdn-cgi/image/fit=contain,width=1200,height=672,format=auto/https://doordash-static.s3.amazonaws.com/media/restaurant/cover_square/e8d9b13b-321f-476f-b344-36cabb9a467b.png",29.7578340460963,-95.3703514854578
05a6a06f-684c-461c-a9a2-6dd84dc06509,Sonia's Kreyol Kitchen,Haitian,"2616 Blodgett St, Houston, TX 77004, USA","https://img.cdn4dd.com/cdn-cgi/image/fit=contain,width=1200,height=672,format=auto/https://doordash-static.s3.amazonaws.com/media/restaurant/cover_square/f1d23b47-0bda-4fd6-86ba-cdf3750edca6.jpg",29.7226889,-95.3704827
47a38def-774a-4e1e-82f7-68f04e79a4e9,Aladdin Mediterranean,"Greek, Mediterranean","912 Westheimer Rd, 912 Westheimer Road, Houston, TX 77006, USA","https://img.cdn4dd.com/cdn-cgi/image/fit=contain,width=1200,height=672,format=auto/https://doordash-static.s3.amazonaws.com/media/restaurant/cover_square/aladdin_logo_square.png",29.7448231,-95.3910932
714c9a39-e738-4990-a034-796909163dca,Flip 'n Patties,"Bakery, Burgers, Sweets, Wraps, Fries","800 Capitol St suite t-307, Houston, TX 77002, USA","https://img.cdn4dd.com/cdn-cgi/image/fit=contain,width=1200,height=672,format=auto/https://doordash-static.s3.amazonaws.com/media/restaurant/cover_square/89e74080-3454-43ad-89bc-b434479f390a.png",29.7594315,-95.3648084
7efebc1a-2888-4e7c-b897-bd52228b5af0,Refresqueria at Rice Village,"Ice Cream, Milk Shakes, Desserts, Snacks, Juice","5407 Morningside Dr, Houston, TX 77005, USA","https://img.cdn4dd.com/cdn-cgi/image/fit=contain,width=1200,height=672,format=auto/https://doordash-static.s3.amazonaws.com/media/restaurant/cover_square/3c3c9d22-98b5-44fb-9a6a-8ba173342270.jpg",29.717034,-95.4147162
1f5a8390-51e5-4027-b344-5f6af3333ec7,Big City Wings,Great Wings and other American Classics,"2240 Navigation Blvd #100, Houston, TX 77003, USA","https://img.cdn4dd.com/cdn-cgi/image/fit=contain,width=1200,height=672,format=auto/https://doordash-static.s3.amazonaws.com/media/restaurant/cover_square/Big_City_Wings.jpg",29.7579527,-95.3473058
a6ac5dd0-3fe1-498c-904e-d9e9c890dc19,McCormick & Schmick's,"Seafood, Steakhouse","1201 Fannin Street, Houston, TX 77002, USA","https://img.cdn4dd.com/cdn-cgi/image/fit=contain,width=1200,height=672,format=auto/https://doordash-static.s3.amazonaws.com/media/restaurant/cover_square/McCormick__Schmicks.png",29.7542784,-95.3654054
2ee1d7a3-d839-4472-8524-176ae7461a2d,LA Burgers and Daiquiris,"Burgers, American, Comfort Food","3755 N MacGregor Way, Houston, TX 77004, USA","https://img.cdn4dd.com/cdn-cgi/image/fit=contain,width=1200,height=672,format=auto/https://doordash-static.s3.amazonaws.com/media/restaurant/cover_square/62548ca3-24ca-4305-a4b2-3614ca76223a.305",29.7107386,-95.3563997
b4eca838-c446-4b17-8b98-c829f4ef76d1,ginger bowls (Healthy Asian Bowls),"Healthy, Chinese, Bowls, Asian","2616 Blodgett St, Houston, TX 77004, USA","https://img.cdn4dd.com/cdn-cgi/image/fit=contain,width=1200,height=672,format=auto/https://doordash-static.s3.amazonaws.com/media/restaurant/cover_square/23f0cfc0-a43c-422b-855d-7c20ede89c52.png",29.7226889,-95.3704827
f6cdbae5-aa62-418f-983d-c56d2f646d28,BB's Tex-Orleans,The Home of Tex-Orleans Cooking!,"2701 White Oak Dr, Houston, TX 77007, USA","https://img.cdn4dd.com/cdn-cgi/image/fit=contain,width=1200,height=672,format=auto/https://doordash-static.s3.amazonaws.com/media/restaurant/cover_square/285237_10151297828883506_134893051_n_1.jpg",29.7812665,-95.3880043
a386ca00-0cd2-44c0-b2f5-182d594b8e80,Zalat Pizza,Pizza Restaurant,"510 Gray St b2, Houston, TX 77002, USA","https://img.cdn4dd.com/cdn-cgi/image/fit=contain,width=1200,height=672,format=auto/https://doordash-static.s3.amazonaws.com/media/restaurant/cover_square/cbfe264d-134f-40e1-9b77-62d7567b8347.png",29.7506765,-95.375564
87f5cac3-4823-4011-aab3-9d31291983f8,Jeni's Splendid Ice Creams,Ice Cream Shop,"375 W 19th St, Houston, TX 77008, USA","https://img.cdn4dd.com/cdn-cgi/image/fit=contain,width=1200,height=672,format=auto/https://doordash-static.s3.amazonaws.com/media/restaurant/cover_square/86ac97da-1c55-4853-8cde-ac6345b980b4.png",29.8030914,-95.4034654
074ded03-ab55-4b40-9723-e8f9696fd5ff,El Charro Mexican Bar,"Mexican, Breakfast, Seafood, Tacos, Soup","3801 Harrisburg Blvd, Houston, TX 77003, USA","https://img.cdn4dd.com/cdn-cgi/image/fit=contain,width=1200,height=672,format=auto/https://doordash-static.s3.amazonaws.com/media/restaurant/cover_square/6134150f-85a9-4bcc-88f0-3e68b3b6c9da.png",29.7466172,-95.3380028
42292510-29ec-445c-a21c-544ad72c8d03,Corner Bakery Cafe,"Breakfast, lunch, dinner and catering in your corner","107 Yale Street, Houston, TX 77007, USA","https://img.cdn4dd.com/cdn-cgi/image/fit=contain,width=1200,height=672,format=auto/https://doordash-static.s3.amazonaws.com/media/restaurant/cover_square/2019_CB_-_New_Logo_with_Square_registered.jpg",29.7727817,-95.3988578
96472472-89c0-4251-bb78-719f115de2d3,La Madeleine French Bakery & Cafe,"Lunch, French, Dessert, Bakery, Cafes, Breakfast, Sweets, Modern European","la Madeleine French Bakery & Cafe Sawyer Heights, 2423 Katy Fwy Suite E, Houston, TX 77007, USA","https://img.cdn4dd.com/cdn-cgi/image/fit=contain,width=1200,height=672,format=auto/https://doordash-static.s3.amazonaws.com/media/restaurant/cover_square/40a79077-1bbc-4021-8afd-814a3b3f516d.png",29.776412,-95.382407
a8939b6e-bf9e-4da0-ae3e-d7e8671ac19b,Katz's Deli & Bar,"Lunch, Dessert, Deli, Sandwiches, Sandwich, Pickup, Breakfast, Takeout","616 Westheimer Rd #100, Houston, TX 77006, USA","https://img.cdn4dd.com/cdn-cgi/image/fit=contain,width=1200,height=672,format=auto/https://doordash-static.s3.amazonaws.com/media/restaurant/cover_square/Katzs_Deli__Bar_.png",29.7448291,-95.389478
0cced5ac-1707-4a37-983c-52980c4e6858,Bao Shi Yi,"Chinese, Dumplings, Snacks, Noodles, Rice Bowl","3819 Kirby Dr, Houston, TX 77098, USA","https://img.cdn4dd.com/cdn-cgi/image/fit=contain,width=1200,height=672,format=auto/https://doordash-static.s3.amazonaws.com/media/restaurant/cover_square/79dcf1a4-8449-48a1-8bd6-ee4c5a9a5c30.png",29.732268,-95.418508
3ec526ab-b324-484c-9909-c96f77baed0f,Raise the Roost,Chicken and Biscuits,"4615 San Jacinto St, Houston, TX 77004, USA","https://img.cdn4dd.com/cdn-cgi/image/fit=contain,width=1200,height=672,format=auto/https://doordash-static.s3.amazonaws.com/media/restaurant/cover_square/52682868-e5bf-43f4-9146-79405528f387.png",29.7314516,-95.3822571
95ac754e-44cd-49b7-a900-199e782a047c,Black Walnut Cafe,"American (New), Cafes, Breakfast, Lunch","5512 Memorial Drive, Houston, TX 77007, USA","https://img.cdn4dd.com/cdn-cgi/image/fit=contain,width=1200,height=672,format=auto/https://doordash-static.s3.amazonaws.com/media/restaurant/cover_square/Black_Walnut_Cafe_logo_.png",29.761883,-95.4180386
4d1e8807-9ef0-4cdd-b1ac-1b4b5f69e2e1,Reaux of Sweets,Reaux of Sweets,"2616 Blodgett St, Houston, TX 77004, USA","https://img.cdn4dd.com/cdn-cgi/image/fit=contain,width=1200,height=672,format=auto/https://doordash-static.s3.amazonaws.com/media/restaurant/cover_square/2930950a-f729-4a26-bd6b-b261dbb6d0f9.png",29.7226889,-95.3704827
d5bc89fb-d42f-4c2a-8b7c-5da8e9064450,Phrostbite Italian Ice,"Ice, Dessert, Gluten-free, Grocery Items, Ice Cream, Late Night,  Kids Menu, American, Kosher","2616 Blodgett St, Houston, TX 77004, USA","https://img.cdn4dd.com/cdn-cgi/image/fit=contain,width=1200,height=672,format=auto/https://doordash-static.s3.amazonaws.com/media/restaurant/cover_square/071b3563-baaa-4f9f-8cce-ba3ac64cefc0.png",29.7226889,-95.3704827
552e1620-380b-4b7c-82f1-57cac478febd,Pressed,"Cold-Pressed, 100% Fruits & Vegetables, Non-GMO","Pressed Juicery, 714 Yale St, Houston, TX 77007, USA","https://img.cdn4dd.com/cdn-cgi/image/fit=contain,width=1200,height=672,format=auto/https://doordash-static.s3.amazonaws.com/media/restaurant/cover_square/15238e7a-4f78-4652-903a-cfaf7d4856be.jpeg",29.78391,-95.39841
2f02f3db-b4d0-4641-8749-0414eb125380,Snap Kitchen,"Breakfast, Breakfast and Lunch, Lunch, Healthy","3600 Kirby Dr, Houston, TX 77098, USA","https://img.cdn4dd.com/cdn-cgi/image/fit=contain,width=1200,height=672,format=auto/https://doordash-static.s3.amazonaws.com/media/restaurant/cover_square/21b1453e-8889-422a-98d5-19d61820bb1a.png",29.7333304,-95.4194012
7da3280b-9ab7-4ad4-93cb-fb2f8ada6ea7,Heaven in a jar,Heaven in a jar,"2616 Blodgett St, Houston, TX 77004, USA","https://img.cdn4dd.com/cdn-cgi/image/fit=contain,width=1200,height=672,format=auto/https://doordash-static.s3.amazonaws.com/media/restaurant/cover_square/1e6f2da8-0afd-4108-b580-1c59d26afc84.jpg",29.7226889,-95.3704827
665d3fd9-1e5c-4ec1-ac77-ab00e73d1113,Chick-fil-A,Chicken. Sides. Desserts.,"1200 McKinney St Suite 363, Houston, TX 77010, USA","https://img.cdn4dd.com/cdn-cgi/image/fit=contain,width=1200,height=672,format=auto/https://doordash-static.s3.amazonaws.com/media/restaurant/cover_square/Chick-fil-AÂ_logo.png",29.7550315,-95.3621224
23116857-d8a2-4b73-aee2-44afd7e716a5,The Halal Guys,"Takeout, Gyro, Sandwiches, Halal, Pickup, Dessert","609 Main St, Houston, TX 77002, USA","https://img.cdn4dd.com/cdn-cgi/image/fit=contain,width=1200,height=672,format=auto/https://doordash-static.s3.amazonaws.com/media/restaurant/cover_square/The_Halal_Guys_logo.jpg",29.7592796,-95.3624699
3351637e-f579-46d3-b242-293002561a6e,Nam Eatery,"Vietnamese, Pho, Banh Mi, Fried Rice","502 E 20th St B, Houston, TX 77008, USA","https://img.cdn4dd.com/cdn-cgi/image/fit=contain,width=1200,height=672,format=auto/https://doordash-static.s3.amazonaws.com/media/restaurant/cover_square/cd2240e8-6bf6-42fc-aa9c-65eb73afd512.png",29.8038836,-95.3930201
a2a78cf4-8013-48db-b00f-d706f5616322,Sapporo Japanese Sushi & Bar,"Japanese, Takeout, Pickup, Asian, Sushi Bars","801 Congress Ave, Houston, TX 77002, USA","https://img.cdn4dd.com/cdn-cgi/image/fit=contain,width=1200,height=672,format=auto/https://doordash-static.s3.amazonaws.com/media/restaurant/cover_square/65bb78a8-22f2-4af0-b18c-01ea1818c7a0.png",29.7633057,-95.3620762
a5a004ba-45e1-44df-bad2-27e59a20430a,Rakkan RAMEN,"Ramen, Poke, Japanese, Dumplings, Ramen Noodles, Sushi","600 N Shepherd Dr #515, Houston, TX 77007, USA","https://img.cdn4dd.com/cdn-cgi/image/fit=contain,width=1200,height=672,format=auto/https://doordash-static.s3.amazonaws.com/media/restaurant/cover_square/40e982a6-a9ed-4556-b1f0-0c6713b366f3._square (2)",29.7824121,-95.4080107
7ef76fe3-364d-43fe-80a4-449ef1fbce9e,Hamsa,"Israeli cuisine, Tapas/Small Plates, Shawarma, Falafel","5555 Morningside Dr, Houston, TX 77005, USA","https://img.cdn4dd.com/cdn-cgi/image/fit=contain,width=1200,height=672,format=auto/https://doordash-static.s3.amazonaws.com/media/restaurant/cover_square/5d366315-4a02-4e9d-a451-204b485148c1.jpg",29.7162019,-95.4146548
7640192e-9d35-4f0b-ae00-8a3b302f37b9,7 Leaves Cafe,Tea and Coffee Beverages,"3825 Richmond Ave Houston, TX 77027 United States","https://img.cdn4dd.com/cdn-cgi/image/fit=contain,width=1200,height=672,format=auto/https://doordash-static.s3.amazonaws.com/media/restaurant/cover_square/93e31f78-1744-4bdf-8ed1-e00c29cc6254.png",29.7322206,-95.4393527
4f9f7426-c72b-4626-a976-1f7d46441083,Hopdoddy Burger Bar,Burgers,"Hopdoddy Burger Bar, 449 W. 19th Street, HOUSTON, TX","https://img.cdn4dd.com/cdn-cgi/image/fit=contain,width=1200,height=672,format=auto/https://doordash-static.s3.amazonaws.com/media/restaurant/cover_square/1f90fe49-903b-4de4-992f-224c060c125f.jpg",29.8030174,-95.4050793
0545cb6c-dd16-48b7-b275-f68b3f3258fe,Yummy's Hot Chicken,Yummy's bite,"1001 Westheimer Rd, Houston, TX 77042, USA","https://img.cdn4dd.com/cdn-cgi/image/fit=contain,width=1200,height=672,format=auto/https://doordash-static.s3.amazonaws.com/media/restaurant/cover_square/9b23aa2e-203b-4c72-8c37-cd41c5c68b17.png",29.7440869296789,-95.3919996156164
a093c609-02c2-4ca5-a99a-295f2e13584d,TruuLove Cafe,TruuLove Cafe,"4102 Almeda Rd, Houston, TX 77004, USA","https://img.cdn4dd.com/cdn-cgi/image/fit=contain,width=1200,height=672,format=auto/https://doordash-static.s3.amazonaws.com/media/restaurant/cover_square/97f8970c-8429-419a-9b6c-5e3587b8f3b9.jpg",29.7322428,-95.3757366
934de227-398b-4be8-a0c2-1e3f33bc585e,Dessert Gallery,"Cafes, Dessert, Takeout, Pickup","3600 Kirby Dr, Houston, TX 77098, USA","https://img.cdn4dd.com/cdn-cgi/image/fit=contain,width=1200,height=672,format=auto/https://doordash-static.s3.amazonaws.com/media/restaurant/cover_square/1e88d163-6b02-4a08-86ec-5dd66e13aa42.png",29.7333189,-95.4191919
2ed0c9c9-770a-4adf-85d6-5f2d52a6e7f5,Mia's Table,"Soup, Desserts, Burgers, Sandwich, Beverages, Kids, Milk Shakes, Salads, Seafood, Tacos, American, Shakes, Malts, and Desserts, Nachos","3131 Argonne St, Houston, TX 77098, USA","https://img.cdn4dd.com/cdn-cgi/image/fit=contain,width=1200,height=672,format=auto/https://doordash-static.s3.amazonaws.com/media/restaurant/cover_square/15616275-1be1-4ed0-8cf7-15da75223ead.png",29.7370693,-95.4173144
4f1bbd11-50cf-4ca2-b660-de39bd004ecc,MrBeast Burger,"Burgers, American, Fries, Sandwiches, Chicken Tenders","2616 Blodgett St, Houston, TX 77004, USA","https://img.cdn4dd.com/cdn-cgi/image/fit=contain,width=1200,height=672,format=auto/https://doordash-static.s3.amazonaws.com/media/restaurant/cover_square/3ee4732d-39f1-4144-8bbf-05d3f8dce8f2.jpg",29.7226889,-95.3704827
385b1504-4a10-4b96-b660-50449ff80028,Roast And Brew Cafe,Roast And Brew Cafe,"931 W 19th St, Houston, TX 77008, USA","https://img.cdn4dd.com/cdn-cgi/image/fit=contain,width=1200,height=672,format=auto/https://doordash-static.s3.amazonaws.com/media/restaurant/cover_square/ab637eb1-9dab-4a80-bcc8-8dfae64bd28e.jpg",29.8030393,-95.41578
2674ee3f-40cd-466e-8ac5-fa4cb4ea12b6,Original ChopShop,New American Restaurant,"3027 Kirby Dr, Houston, TX 77098, USA","https://img.cdn4dd.com/cdn-cgi/image/fit=contain,width=1200,height=672,format=auto/https://doordash-static.s3.amazonaws.com/media/restaurant/cover_square/cc6326dd-3083-4e5e-b592-9487e7dd64ad.png",29.7376681,-95.4179768
d97db1fd-e5ed-497b-8a51-b1fcc925ab52,Island Grill,An American Mediterranean Restaurant,"2365 Rice Boulevard, Houston, TX 77005, USA","https://img.cdn4dd.com/cdn-cgi/image/fit=contain,width=1200,height=672,format=auto/https://doordash-static.s3.amazonaws.com/media/restaurant/cover_square/bb258d00-ad73-4474-8311-fab7c1027e7b.png",29.7171594,-95.4143133
b6fb4041-eb5e-4a84-9bf4-d19e17b6eb51,Mendocino Farms,Chef-driven menu of creative sandwiches & soulful salads,"1200 Smith St, Houston, TX 77002, USA","https://img.cdn4dd.com/cdn-cgi/image/fit=contain,width=1200,height=672,format=auto/https://doordash-static.s3.amazonaws.com/media/restaurant/cover_square/63a203b8-2ecf-4b95-9037-016f8d533ace.jpg",29.7565984,-95.370438
50093714-b7ef-41f8-8b0b-bc5365373d9b,Postino,"Italian, American (New), Lunch, Breakfast","805 Pacific St, Houston, TX 77006, USA","https://img.cdn4dd.com/cdn-cgi/image/fit=contain,width=1200,height=672,format=auto/https://doordash-static.s3.amazonaws.com/media/restaurant/cover_square/DoorDash_Logos_Postino_Square_230x230.jpg",29.7466712576973,-95.3903216249212
98b16d0a-ff11-4400-9593-2714be33b092,Pokeworks,Poke Restaurant,"213 Yale St, Houston, TX 77007, USA","https://img.cdn4dd.com/cdn-cgi/image/fit=contain,width=1200,height=672,format=auto/https://doordash-static.s3.amazonaws.com/media/restaurant/cover_square/ea4bc3a5-1f6e-44a6-89c1-7fcae7818f8c.png",29.774612824,-95.398183152
bdf6c1f6-6c91-4d86-9fd5-d541cebb6dde,LA Crawfish,"Pickup, Pho, Takeout, Seafood","3957 Richmond Ave, Houston, TX 77027, USA","https://img.cdn4dd.com/cdn-cgi/image/fit=contain,width=1200,height=672,format=auto/https://doordash-static.s3.amazonaws.com/media/restaurant/cover_square/2c42b8e1-90b7-4875-b818-94f4358180eb.090",29.7322253,-95.4408877
e357185f-47aa-44d7-81b4-1372e8732b0c,Wings 87,"Wings, American, Chicken, Takeout, KWB","Wings 87, 3729 W Alabama St Unit C, Houston, TX 77027, USA","https://img.cdn4dd.com/cdn-cgi/image/fit=contain,width=1200,height=672,format=auto/https://doordash-static.s3.amazonaws.com/media/restaurant/cover_square/4c683162-6685-49cb-8cd7-7bf5d3501c2b.png",29.7378921,-95.4378774
99170654-b701-42b9-9a5b-c2918d8314ad,Velvet Taco,Taco Restaurant,"907 Westheimer Rd, Houston, TX 77006, USA","https://img.cdn4dd.com/cdn-cgi/image/fit=contain,width=1200,height=672,format=auto/https://doordash-static.s3.amazonaws.com/media/restaurant/cover_square/99e9172d-008a-43ad-8b2d-1bc7de875a08.png",29.7444041,-95.3906218
b42e4bf0-2aaa-4ae0-8533-f7490d76e81b,Goode Company BBQ,Barbecue Restaurant,"5109 Kirby Dr, Houston, TX 77098, USA","https://img.cdn4dd.com/cdn-cgi/image/fit=contain,width=1200,height=672,format=auto/https://doordash-static.s3.amazonaws.com/media/restaurant/cover_square/5a5b27b9-ccbf-45b6-827b-d08b04671205.png",29.7269913,-95.4182615
5cdd5601-df12-474a-ac08-70a3187531ad,F#ck Carbs,"Salads, Healthy, Gluten-Free, Pizza","2616 Blodgett St, Houston, TX 77004, USA","https://img.cdn4dd.com/cdn-cgi/image/fit=contain,width=1200,height=672,format=auto/https://doordash-static.s3.amazonaws.com/media/restaurant/cover_square/882d83d1-1283-4c8f-ba35-2a188448ca9f.jpg",29.7226889,-95.3704827
1b79da54-2250-4483-aa00-24e6b50d17fd,Cyclone Anaya's,"Pickup, Bar and Grill, Mexican, Tex-Mex, Takeout","309 Gray St, Houston, TX 77002, USA","https://img.cdn4dd.com/cdn-cgi/image/fit=contain,width=1200,height=672,format=auto/https://doordash-static.s3.amazonaws.com/media/restaurant/cover_square/e88011c5-c34d-42c9-b41f-ba1b5a9c6cf2.jpg",29.7522488,-95.3768201
b7bb80f1-5141-4a35-ab61-b240eaf5ea1a,Abu Omar Halal,Mediterranean Restaurant,"1001 Texas St, Houston, TX 77002, USA","https://img.cdn4dd.com/cdn-cgi/image/fit=contain,width=1200,height=672,format=auto/https://doordash-static.s3.amazonaws.com/media/restaurant/cover_square/4bca0e9d-f610-4a18-8eef-83caf8eed664.648",29.760042,-95.362112
54ae7b7e-84f3-4c7e-9bda-de32d2b0d2a9,Barnaby's Cafe,"American (New), Breakfast & Brunch, Salad","801 Congress St, Houston, TX 77002, USA","https://img.cdn4dd.com/cdn-cgi/image/fit=contain,width=1200,height=672,format=auto/https://doordash-static.s3.amazonaws.com/media/restaurant/cover_square/674a9853-cd1f-4472-a1d8-b4b18bac2199.png",29.7633057,-95.3620762
b3871d79-7a5d-4902-8e84-3016fdb8fb70,Jersey Mike's Subs,"Sandwiches, Cheesesteaks, Deli, Fast Food","103 Yale St #300, Houston, TX 77007, USA","https://img.cdn4dd.com/cdn-cgi/image/fit=contain,width=1200,height=672,format=auto/https://doordash-static.s3.amazonaws.com/media/restaurant/cover_square/b380a6a5-bee9-4058-98b3-b1a10933c477.png",29.7720069,-95.3989044
ed26ed65-295a-46c0-8b9d-7dd3fd7de19e,Ike's Love & Sandwiches,"Ike's Love & Sandwiches has over 800 sandwiches for everyone, whether you're a carnivore, vegetarian, or vegan.","1051 Heights Blvd #180, Houston, TX 77008, USA","https://img.cdn4dd.com/cdn-cgi/image/fit=contain,width=1200,height=672,format=auto/https://doordash-static.s3.amazonaws.com/media/restaurant/cover_square/6401d9f7-8778-4de7-9448-951ac05d7692.png",29.790485,-95.3980772
11780816-25cd-4fa3-9ac3-3e8dda9120c8,Howdy Hot Chicken,Howdy Hot Chicken,"Howdy Hot Chicken, 3520 S Shepherd Dr, Houston, TX 77098, USA","https://img.cdn4dd.com/cdn-cgi/image/fit=contain,width=1200,height=672,format=auto/https://doordash-static.s3.amazonaws.com/media/restaurant/cover_square/165a1dcc-eaef-470a-89ab-456cab4a7e5f.091",29.7343856,-95.4109825
565dd8c6-a973-4791-ba9b-5903bf6635ac,Insomnia Cookies,"Cookies, Dessert, Chocolate chip cookie, Snacks, Snacks & Sweets, Fast Food, Sweets","2528 Rice Boulevard, Houston, TX 77005, USA","https://img.cdn4dd.com/cdn-cgi/image/fit=contain,width=1200,height=672,format=auto/https://doordash-static.s3.amazonaws.com/media/restaurant/cover_square/INSLogoEmblemStroke_1.png",29.7177358,-95.417969
ab60bdbc-e9a9-4046-a8a7-fad83819ce28,Hando,"Sushi Bars, Asian Fusion, Asian, Sushi, Japanese","518 W 11th St #500, Houston, TX 77008, USA","https://img.cdn4dd.com/cdn-cgi/image/fit=contain,width=1200,height=672,format=auto/https://doordash-static.s3.amazonaws.com/media/restaurant/cover_square/HandoApplogo.jpg",29.7903602,-95.4030538
ea096ff9-a04f-4dc5-9ae4-eee40f670ed9,Sichuan Pepper Express,"Chinese, Fried Rice, Party Platers, Soup, Salads","3201 N Shepherd Dr, Houston, TX 77018, USA","https://img.cdn4dd.com/cdn-cgi/image/fit=contain,width=1200,height=672,format=auto/https://doordash-static.s3.amazonaws.com/media/restaurant/cover_square/9ad016c5-79a5-4dae-9dc1-bef055e53784.jpg",29.8161538,-95.4109316
7d36b589-bdd0-4886-9f62-d3cb18c4e23a,Street Food Thai Market,"Asian, Thai, Takeout, Pickup, Laotian","1010 W Cavalcade St, Houston, TX 77009, USA","https://img.cdn4dd.com/cdn-cgi/image/fit=contain,width=1200,height=672,format=auto/https://doordash-static.s3.amazonaws.com/media/restaurant/cover_square/42ff214e-66da-4a6f-99e9-32a03e1874db.png",29.8042275,-95.3851559
6be393e6-4603-49e8-9303-d79f3422c927,Jenni's Noodle House,"Vietnamese, Thai, Asian Fusion, htownathlete","3111 S Shepherd Dr, 3111 South Shepherd Drive, Houston, TX 77098, USA","https://img.cdn4dd.com/cdn-cgi/image/fit=contain,width=1200,height=672,format=auto/https://doordash-static.s3.amazonaws.com/media/restaurant/cover_square/Jennis_Noodle_House_logo.jpg",29.7381472,-95.4103748
d6002e37-fc5e-4b3a-b866-ab778fa02846,Max's Wine Dive,"American (New), Breakfast & Brunch","4720 Washington Avenue, Houston, TX 77007, USA","https://img.cdn4dd.com/cdn-cgi/image/fit=contain,width=1200,height=672,format=auto/https://doordash-static.s3.amazonaws.com/media/restaurant/cover_square/Maxs_Wine_Dive_logo.png",29.7708299,-95.4090042
b72e7328-4193-485a-af6f-b7cbfc5d70a1,Star Pizza 2,"Pizza, Salad, Italian","77 Harvard Street, Houston, TX 77007, USA","https://img.cdn4dd.com/cdn-cgi/image/fit=contain,width=1200,height=672,format=auto/https://doordash-static.s3.amazonaws.com/media/restaurant/cover_square/02404644-a438-4c89-bd6c-87d3be4b5f35.png",29.7700571,-95.3961846
44b3ce95-dd1e-4fca-aa54-e6f0c27d8ecc,lulubowls (Hawaiian-Inspired Bowls),Hawaiian-inspired bowls concept.,"Boo-ya Bowls Houston, 2616 Blodgett St Unit K24, Houston, TX 77004, USA","https://img.cdn4dd.com/cdn-cgi/image/fit=contain,width=1200,height=672,format=auto/https://doordash-static.s3.amazonaws.com/media/restaurant/cover_square/updated_logo_9562.jpg",29.7226889,-95.3704827
9eb4a803-fb6d-4d23-8fec-b02343e143a6,The Picky Vegan,Vegan Bowls and Salads,"2616 Blodgett St, Houston, TX 77004, USA","https://img.cdn4dd.com/cdn-cgi/image/fit=contain,width=1200,height=672,format=auto/https://doordash-static.s3.amazonaws.com/media/restaurant/cover_square/Screen_Shot_2019-11-07_at_1.38.35_PM.png",29.7226889,-95.3704827
1de554fa-653d-48c2-b01a-94abfe22aa26,Malibu Wings (Plant Based Wing Shop),"Wings, Chicken Wings, Fries, Vegan, Vegetarian","2616 Blodgett St, Houston, TX 77004, USA","https://img.cdn4dd.com/cdn-cgi/image/fit=contain,width=1200,height=672,format=auto/https://doordash-static.s3.amazonaws.com/media/restaurant/cover_square/d6e18b66-1eb9-4848-9945-866cc6e0c44a.png",29.7226889,-95.3704827
e64d7cab-5a42-48a4-ba97-917cc8935618,Goode Co Armadillo Palace,"Salads, Sandwiches, Dessert, Iced Teas","5015 Kirby Dr, Houston, TX 77098, USA","https://img.cdn4dd.com/cdn-cgi/image/fit=contain,width=1200,height=672,format=auto/https://doordash-static.s3.amazonaws.com/media/restaurant/cover_square/f9ec1254-9d1d-4810-b7dc-b2c379753a36.png",29.727393,-95.418325
a6dcaec2-7a2a-41da-bfe5-dc17caad6f9c,Mint Thai Kitchen,"Thai, Asian","540 Waugh Dr, Houston, TX 77019, USA","https://img.cdn4dd.com/cdn-cgi/image/fit=contain,width=1200,height=672,format=auto/https://doordash-static.s3.amazonaws.com/media/restaurant/cover_square/6c0ba1de-25e3-4485-8a8c-4182b5875edf.png",29.7601874,-95.3986191
791d5805-8c9c-4563-8b1b-bff534e65db3,Bangkok Bowls,"Thai, Vegan, Healthy","2616 Blodgett St, Houston, TX 77004, USA","https://img.cdn4dd.com/cdn-cgi/image/fit=contain,width=1200,height=672,format=auto/https://doordash-static.s3.amazonaws.com/media/restaurant/cover_square/Bangkok_Bowls_Logo.png",29.7226889,-95.3704827
40b0587e-2408-4085-b9a7-1cf180ed5f0a,Summer Shop (Healthy Thai Bowls),"Feel-good bowls, inspired by Southeast Asia with a focus on creative plant-based, gluten-free, and flavor-packed ingredients","2616 Blodgett St, Houston, TX 77004, USA","https://img.cdn4dd.com/cdn-cgi/image/fit=contain,width=1200,height=672,format=auto/https://doordash-static.s3.amazonaws.com/media/restaurant/cover_square/367b2d7f-a7dd-4d9e-ac8f-5c9d37c771a7.png",29.7226889,-95.3704827
cd592e81-a34a-4899-9d71-d3d87abb155f,Chi'lantro,"Eggs, Side Vegetables, Spicy Chicken, Guacamole, Korean BBQ, Barbecue","2616 Blodgett St, Houston, TX 77004, USA","https://img.cdn4dd.com/cdn-cgi/image/fit=contain,width=1200,height=672,format=auto/https://doordash-static.s3.amazonaws.com/media/restaurant/cover_square/c7d63338-ee4f-4dcc-9709-11c3209a4e5d.png",29.7226889,-95.3704827
bc4233e1-372d-4263-a52f-653a755273c3,Grateful Greens,"Healthy, Salads, Bowls, Drinks, Dessert, Pickup, Takeout","2616 Blodgett St, Houston, TX 77004, USA","https://img.cdn4dd.com/cdn-cgi/image/fit=contain,width=1200,height=672,format=auto/https://doordash-static.s3.amazonaws.com/media/restaurant/cover_square/c754344b-e962-4f81-b68f-8c67e9098ca1.png",29.7226889,-95.3704827
5768cfa3-dbf3-4a40-bf0b-e2860940af24,Thrive Lettuce Wraps,"Salads, Wraps, Dessert, Vegan, Vegetarian","2616 Blodgett St, Houston, TX 77004, USA","https://img.cdn4dd.com/cdn-cgi/image/fit=contain,width=1200,height=672,format=auto/https://doordash-static.s3.amazonaws.com/media/restaurant/cover_square/d3dd8557-3882-49f1-961a-20c4ac2b6a88.png",29.7226889,-95.3704827
5971ada4-4559-410c-8ebe-26142eea5e76,Thrive Kitchen,Low Cal Bowls & Pizzas,"2616 Blodgett St, Houston, TX 77004, USA","https://img.cdn4dd.com/cdn-cgi/image/fit=contain,width=1200,height=672,format=auto/https://doordash-static.s3.amazonaws.com/media/restaurant/cover_square/d58b1ef2-0a2e-4a54-872e-f8aca935ac6a.png",29.7226889,-95.3704827
16fca8df-7604-4c23-ba2d-464ee7124d69,Samosa Haus,Samosa Haus,"8200 Washington Ave, Houston, TX 77007, USA","https://img.cdn4dd.com/cdn-cgi/image/fit=contain,width=1200,height=672,format=auto/https://doordash-static.s3.amazonaws.com/media/restaurant/cover_square/9c61d395-f98f-4e54-bb73-117c49aa4bf0.png",29.7829772,-95.4360986
058df961-6539-41d1-93ee-4bc9ed0a782b,T's Time,T's Time,"2616 Blodgett St, Houston, TX 77004, USA","https://img.cdn4dd.com/cdn-cgi/image/fit=contain,width=1200,height=672,format=auto/https://doordash-static.s3.amazonaws.com/media/restaurant/cover_square/1f9361ae-df31-469b-a89a-255d7691b320.png",29.7226889,-95.3704827
31f36a19-efad-4b25-8f2e-ac2f74c91a08,Thai Cafe (Franklin St),"Noodles, Lunch, Asian, Takeout, Pickup, Thai","Thai Cafe, 917 Franklin St #101, Houston, TX 77002, USA","https://img.cdn4dd.com/cdn-cgi/image/fit=contain,width=1200,height=672,format=auto/https://doordash-static.s3.amazonaws.com/media/restaurant/cover_square/55278bc4-a203-480b-8321-7cd37d1e3d01.png",29.7633403,-95.3602408
1e240517-0f61-4274-8947-03dc04c6c85f,High Tower Deli,"Pickup, Sandwich, Takeout, Breakfast, Lunch, Sandwiches, Deli","American General Center, 2929 Allen Pkwy, Houston, TX 77019, USA","https://img.cdn4dd.com/cdn-cgi/image/fit=contain,width=1200,height=672,format=auto/https://doordash-static.s3.amazonaws.com/media/restaurant/cover_square/e59039f7-acd0-4c1a-873c-bec28c7a4184.png",29.7607456,-95.3974727
53ac9b2e-44b9-422f-9974-ec5a8fff4850,Pat Greer's Kitchen,Raw vegan cuisine from the chef’s own kitchen.,"412 W Clay St, Houston, TX 77019, USA","https://img.cdn4dd.com/cdn-cgi/image/fit=contain,width=1200,height=672,format=auto/https://doordash-static.s3.amazonaws.com/media/restaurant/cover_square/6d2971be-a72e-4639-906d-b4bcb90e98d9.png",29.7557126,-95.3870433
d7561c10-8413-4bee-b77b-012111f50ce5,City Cellars HTX,City Cellars HTX,"City Cellars HTX, 1801 Binz St Suite 120, Houston, TX 77004, USA","https://img.cdn4dd.com/cdn-cgi/image/fit=contain,width=1200,height=672,format=auto/https://doordash-static.s3.amazonaws.com/media/restaurant/cover_square/df222687-33ae-45b4-a7ff-83a8b54ed500.png",29.7216851,-95.3820697
60c61283-ce7f-4364-8c67-db85a4ff1390,F#ck Gluten,"Gluten-free pizzas, gluten-free salads, gluten-free bowls","2616 Blodgett St, Houston, TX 77004, USA","https://img.cdn4dd.com/cdn-cgi/image/fit=contain,width=1200,height=672,format=auto/https://doordash-static.s3.amazonaws.com/media/restaurant/cover_square/e8dd3072-234f-44fb-b63c-7663e292726f.jpg",29.7226889,-95.3704827
5552ae02-3493-4d8a-a54f-68cad03bca2b,ponobox,"Hawaiian, Gluten-Free, Wings, Vegan, Vegetarian","2616 Blodgett St, Houston, TX 77004, USA","https://img.cdn4dd.com/cdn-cgi/image/fit=contain,width=1200,height=672,format=auto/https://doordash-static.s3.amazonaws.com/media/restaurant/cover_square/8f929c64-36f2-4895-a94f-cb1711b364f8.png",29.7226889,-95.3704827
5a55d7a9-26aa-4b00-9fb5-51ae8661acf1,Spicy Girl,"Chinese, Chicken, Seafood, Fried Rice, Noodles","917 Winbern St, Houston, TX 77002, USA","https://img.cdn4dd.com/cdn-cgi/image/fit=contain,width=1200,height=672,format=auto/https://doordash-static.s3.amazonaws.com/media/restaurant/cover_square/50df9455-48b9-4289-a24e-1715976530e3.png",29.7388727,-95.3801341
1e070612-8026-44de-98a1-2bd529e3063f,Freebirds World Burrito,Mexican Restaurant,"1923 Taylor St, Houston, TX 77007, USA","https://img.cdn4dd.com/cdn-cgi/image/fit=contain,width=1200,height=672,format=auto/https://doordash-static.s3.amazonaws.com/media/restaurant/cover_square/9aa6f224-d531-4ac8-8869-289bf4d369d9.jpg",29.7755495,-95.3826244
95e19bb8-e591-456f-8fcf-d7df4b6c9835,sweetgreen,Health Food Restaurant,"1303 Westheimer Rd, Houston, TX 77006, USA","https://img.cdn4dd.com/cdn-cgi/image/fit=contain,width=1200,height=672,format=auto/https://doordash-static.s3.amazonaws.com/media/restaurant/cover_square/3d0cd840-22b2-4538-9a1a-1fd998218191.jpeg",29.7434544,-95.3951208
c413ecee-a4bb-4d32-bffd-7d8283a5cc0e,Nara Thai,"Thai, Pickup, Takeout, Asian","Downtown Texaco Car Care Clinic, 2111 Fannin St, Houston, TX 77002, USA","https://img.cdn4dd.com/cdn-cgi/image/fit=contain,width=1200,height=672,format=auto/https://doordash-static.s3.amazonaws.com/media/restaurant/cover_square/fe31dc53-1d4b-47fd-9aae-636cd4ba5c46.png",29.747424155,-95.370663379
f0e6193e-fa80-42db-884b-25ac997258da,Popeyes,"Fried Chicken, Chicken Wings, Southern, Sandwiches,","2420 Scott St, Houston, TX 77004, USA","https://img.cdn4dd.com/cdn-cgi/image/fit=contain,width=1200,height=672,format=auto/https://doordash-static.s3.amazonaws.com/media/restaurant/cover_square/12ee8636-2193-4972-b110-9be6a9a74f59.png",29.7336574,-95.3485523
065ccb34-1161-4b8f-9d21-21ced4789cf8,Smashburger,Burgers,"174 Yale Street, Houston, TX 77007, USA","https://img.cdn4dd.com/cdn-cgi/image/fit=contain,width=1200,height=672,format=auto/https://doordash-static.s3.amazonaws.com/media/restaurant/cover_square/fe679340-66c0-4e61-90ce-674e74879239.jpg",29.7736191,-95.3981886
cd35658c-df56-49bc-bf51-6bd411164a7e,Uberrito Fresh Mex,Mexican Grill,"1609 Durham Drive, Houston, TX 77007, USA","https://img.cdn4dd.com/cdn-cgi/image/fit=contain,width=1200,height=672,format=auto/https://doordash-static.s3.amazonaws.com/media/restaurant/cover_square/d4308303-9d32-4d10-9ace-e85c30b61247.png",29.7753048,-95.4109814
e8d6fc11-b00f-4704-a1a5-38c75d0bd234,Local Poke-w34th,"Poke, Hawaiian","Local Poke - Washington Ave, 4500 Washington Ave #350, Houston, TX 77007, USA","https://img.cdn4dd.com/cdn-cgi/image/fit=contain,width=1200,height=672,format=auto/https://doordash-static.s3.amazonaws.com/media/restaurant/cover_square/d7b8fb08-de94-42be-b8a6-4fd15cdb0df0.png",29.7706734,-95.4069007
afde6cb7-5078-48d3-bcaa-2c5a2739bc2e,Smoothie King,"Vegan, Vegetarian Friendly, Juice Bars & Smoothies, Smoothies, Healthy Smoothies, Vegetarian, Vegan Friendly, Snacks, Healthy","1923 Taylor St, Houston, TX 77007, USA","https://img.cdn4dd.com/cdn-cgi/image/fit=contain,width=1200,height=672,format=auto/https://doordash-static.s3.amazonaws.com/media/restaurant/cover_square/DD-logo.png",29.7755495,-95.3826244
79546e76-41f6-464b-baae-21ff337ae5fd,Jason's Deli,"Salads, Sandwiches, Sandwich, Breakfast, Lunch, Healthy, Vegan, Vegetarian, Pickup, Takeout, Deli","2611 S Shepherd Dr, 2611 South Shepherd Drive, Houston, TX 77098, USA","https://img.cdn4dd.com/cdn-cgi/image/fit=contain,width=1200,height=672,format=auto/https://doordash-static.s3.amazonaws.com/media/restaurant/cover_square/90993959-9d01-4e28-a2ae-a62b8bdcb83b.png",29.742011,-95.4102799
0fc1c6c8-efa0-4ba3-ac5c-63992793bcbc,Tacos A Go Go,Mexican,"3704 Main St, Houston, TX 77002, USA","https://img.cdn4dd.com/cdn-cgi/image/fit=contain,width=1200,height=672,format=auto/https://doordash-static.s3.amazonaws.com/media/restaurant/cover_square/92015943-211a-45bb-8543-1312ade371bf.png",29.738444,-95.3798895
f2a8512c-5c13-4699-9b4e-297688f1cb8a,JINYA Ramen Bar,Japanese Restaurant,"3201 Louisiana Street, Houston, TX 77006, USA","https://img.cdn4dd.com/cdn-cgi/image/fit=contain,width=1200,height=672,format=auto/https://doordash-static.s3.amazonaws.com/media/restaurant/cover_square/095c0299-4bc8-4a99-bcd0-80d64c994a0e.png",29.7427083,-95.3797071
cdf9e986-5fe8-4231-9665-b2d5af548c93,Marble Slab Creamery,"dessert, desserts, ice cream, frozen yogurt, cake, catering","Marble Slab Creamery, 1923 Taylor St ste c, Houston, TX 77007, USA","https://img.cdn4dd.com/cdn-cgi/image/fit=contain,width=1200,height=672,format=auto/https://doordash-static.s3.amazonaws.com/media/restaurant/cover_square/7208446b-ac01-4113-add1-b49be05bddb5.png",29.775552,-95.382718
2ecf7993-f5ec-49a6-be0d-184faac32e32,Chili's Grill & Bar,Chicken Tenders Burgers Ribs Fajitas & More,"2425 Katy Fwy, Houston, TX 77007, USA","https://img.cdn4dd.com/cdn-cgi/image/fit=contain,width=1200,height=672,format=auto/https://doordash-static.s3.amazonaws.com/media/restaurant/cover_square/Chilis_Grill__Bar_logo.jpg",29.7763336,-95.3834445
c5a19b38-b5c4-41e5-b531-cd5f80d5ff5c,7 Spice Cajun Seafood,"Seafood, Chicken, Dinner","7Spice, 5950 Gulf Fwy, Houston, TX 77023, USA","https://img.cdn4dd.com/cdn-cgi/image/fit=contain,width=1200,height=672,format=auto/https://doordash-static.s3.amazonaws.com/media/restaurant/cover_square/2453653e-2fb4-4ee0-9adf-4e2139c219a2.png",29.7132791,-95.3139672
a6a5659d-884d-4377-90e0-7528717d703d,JCI Grill,"Burger, American, James Coney Island","JCI Grill (Northline), 4200 North Freeway, Houston, TX 77022, USA","https://img.cdn4dd.com/cdn-cgi/image/fit=contain,width=1200,height=672,format=auto/https://doordash-static.s3.amazonaws.com/media/restaurant/cover_square/0a5005e9-32b9-4160-8034-7bac635a74fb.834",29.8259513,-95.3795323
40918484-f23d-42bc-8931-7fae763a8a63,Papa Johns,"Pizza, Italian, Chicken Wings","4616 Canal St, Houston, TX 77011, USA","https://img.cdn4dd.com/cdn-cgi/image/fit=contain,width=1200,height=672,format=auto/https://doordash-static.s3.amazonaws.com/media/restaurant/cover_square/b64f7e86-9974-4c13-8eda-79d755ffd09a.png",29.7478464,-95.3272023
d4c1645f-a81b-4d52-899e-fe951085760a,Gyu-Kaku Japanese BBQ,Japanese  Restaurant,"Gyu-Kaku Japanese BBQ, 510 Gray St, Houston, TX 77002, USA","https://img.cdn4dd.com/cdn-cgi/image/fit=contain,width=1200,height=672,format=auto/https://doordash-static.s3.amazonaws.com/media/restaurant/cover_square/7c643542-c4b2-4f45-8c82-ff3d8b80c65c.png",29.750596,-95.3753185
c75532c1-2d75-4db3-85c3-2b5f4ebaa5cf,Voodoo Doughnut,World-famous classic and unconventional donuts.,"1214 Westheimer Rd, Houston, TX 77006, USA","https://img.cdn4dd.com/cdn-cgi/image/fit=contain,width=1200,height=672,format=auto/https://doordash-static.s3.amazonaws.com/media/restaurant/cover_square/7ac0f7ac-cfd9-407b-8167-c448d6398c8a.jpg",29.7446987,-95.3939142
c4ef41b4-491e-42f9-953e-33d07d3e347b,Tropical Smoothie Cafe,"Smoothies, Sandwiches, Wraps, Salads, Chicken, Cafe","920 Studemont St, Houston, TX 77007, USA","https://img.cdn4dd.com/cdn-cgi/image/fit=contain,width=1200,height=672,format=auto/https://doordash-static.s3.amazonaws.com/media/restaurant/cover_square/b9e641dc-7121-4e3b-89e6-c648989dae47.png",29.7675136,-95.3915905
31f8691e-ef3e-4c6f-9424-84bc4af04c9d,Gusto Gourmet,"Venezuelan, Mediterranean","3306 S Shepherd Dr, 3306 South Shepherd Drive, Houston, TX 77098, USA","https://img.cdn4dd.com/cdn-cgi/image/fit=contain,width=1200,height=672,format=auto/https://doordash-static.s3.amazonaws.com/media/restaurant/cover_square/6d64007d-8749-4ebe-85a5-b7baf03ab217.png",29.7362742,-95.4108353
a553d63f-93cc-499e-b48f-6edb663dcb9c,Brasil,"Breakfast, Coffee, Pizza, Burgers, Sandwiches","Brasil, 2604 Dunlavy St, Houston, TX 77098, USA","https://img.cdn4dd.com/cdn-cgi/image/fit=contain,width=1200,height=672,format=auto/https://doordash-static.s3.amazonaws.com/media/restaurant/cover_square/c3f8ff09-5297-4ee0-8880-757bd9c0216f.png",29.7426451,-95.4022586
e795ba93-c841-4684-a5c6-6cf8b8389760,The Burger Joint,Burger Restaurant,"2703 Montrose Blvd, Houston, TX 77006, USA","https://img.cdn4dd.com/cdn-cgi/image/fit=contain,width=1200,height=672,format=auto/https://doordash-static.s3.amazonaws.com/media/restaurant/cover_square/e0d242a2-70aa-4c1e-a65b-ee6cf7f283ad.png",29.7453953,-95.3911641
b2cd468a-d2e6-40ce-bd47-a3ebb8d888dc,Tarka Indian Kitchen,Indian Cuisine,"3701 S Shepherd Dr, Houston, TX 77098, USA","https://img.cdn4dd.com/cdn-cgi/image/fit=contain,width=1200,height=672,format=auto/https://doordash-static.s3.amazonaws.com/media/restaurant/cover_square/Tarka_Indian_Kitchen_lgog.png",29.7331594,-95.4102219
19316881-9014-4d3c-b045-11f2f02c21cd,Poke Burri,"Donuts, Burritos, Poke","2503 Bagby St, Houston, TX 77006, USA","https://img.cdn4dd.com/cdn-cgi/image/fit=contain,width=1200,height=672,format=auto/https://doordash-static.s3.amazonaws.com/media/restaurant/cover_square/ae830c6d-5686-4f48-8a60-f6aa6042713a.png",29.7485088,-95.378323
fa5acd1b-ed2a-48b3-a2e0-779719492da4,Dairy Queen,"DQ Cakes, Chicken Strip Baskets and Blizzard® Treats.","Dairy Queen Grill & Chill, 3915 Old Spanish Trail, Houston, TX 77021, USA","https://img.cdn4dd.com/cdn-cgi/image/fit=contain,width=1200,height=672,format=auto/https://doordash-static.s3.amazonaws.com/media/restaurant/cover_square/5cd2e4e0-3b74-4cfb-b227-50417f668613.png",29.7029031,-95.3570336
e1ace25a-8b62-4b40-b25d-187ac3d34c94,District 7 Pizzeria,"Italian, Pizza, Appetizers, Sandwiches","1508 Hutchins St, 1508 hutchins Houston, TX 77007","https://img.cdn4dd.com/cdn-cgi/image/fit=contain,width=1200,height=672,format=auto/https://doordash-static.s3.amazonaws.com/media/restaurant/cover_square/5af54795-c1f3-4666-ae65-4be18d360d51.png",29.7470344,-95.3579938
b65d68db-ee4d-42cd-8b19-f4d7d77962c2,Connie's Seafood (Heights),"Seafood, Fish & Chips, Fried Rice, Soup, Salads","2525 Airline Dr, Houston, TX 77009, USA","https://img.cdn4dd.com/cdn-cgi/image/fit=contain,width=1200,height=672,format=auto/https://doordash-static.s3.amazonaws.com/media/restaurant/cover_square/8b7601ff-089a-44fc-a257-ea638e2478d0.png",29.8108938,-95.3823608
9e41cd0b-e10d-4b1e-976b-10a52a1a25d8,Pei Wei,"Asian Food, Takeout, Asian, Chinese, Pickup, Family Meals, Gluten-Free","5110 Buffalo Speedway #100, Houston, TX 77005, USA","https://img.cdn4dd.com/cdn-cgi/image/fit=contain,width=1200,height=672,format=auto/https://doordash-static.s3.amazonaws.com/media/restaurant/cover_square/Pei_Wei_Asian_Kitchen_logo_.jpg",29.727886,-95.4290503
bf972ab3-3237-4a77-9518-6b8c36d3d497,Argentina Cafe Empanada Factory,"Argentine, Empanadas, Vegetarian, Pizza, Dessert","3833 Southwest Fwy, Houston, TX 77027, USA","https://img.cdn4dd.com/cdn-cgi/image/fit=contain,width=1200,height=672,format=auto/https://doordash-static.s3.amazonaws.com/media/restaurant/cover_square/d250626a-5b17-4e21-ba16-cf7306e7b3cd.png",29.7282967,-95.4378289
2ae7e468-3ee0-4df9-975d-6de841ac22ae,JuiceLand,"Healthy, Local, Organic, Latte, Matcha, Cold pressed juices, Salad, Salads, Gluten Free, Vegan, Vegetarian, Smoothies, Coffee, Juice Bars & Smoothies","1340 Westheimer Rd, Houston, TX 77006, USA","https://img.cdn4dd.com/cdn-cgi/image/fit=contain,width=1200,height=672,format=auto/https://doordash-static.s3.amazonaws.com/media/restaurant/cover_square/5ed68ee5-7a07-4fa4-ad4a-135890251ffd.jpg",29.7435912,-95.395878
349f6670-212e-47e1-b840-f08c55650469,RA Sushi,"Asian Food, Japanese, Healthy, Asian, Sushi Bars, Sushi","1318 Louisiana St, Houston, TX 77002, USA","https://img.cdn4dd.com/cdn-cgi/image/fit=contain,width=1200,height=672,format=auto/https://doordash-static.s3.amazonaws.com/media/restaurant/cover_square/539afd16-ecb1-4fa1-80a5-fa31171486d3.png",29.7561567,-95.3696597
9729bd9e-9edd-41fd-8d5d-633af52f8f95,Fat Bao,"Asian Fusion, Ramen","3419 Kirby Drive, Houston, TX 77098, USA","https://img.cdn4dd.com/cdn-cgi/image/fit=contain,width=1200,height=672,format=auto/https://doordash-static.s3.amazonaws.com/media/restaurant/cover_square/6be44fbd-5626-4cc3-8fc6-395ca834493b.png",29.735152,-95.4180754
45125bf7-17fc-4801-aadb-0fc114b48533,Teapresso Bar,"Coffee, Pickup, Takeout, Boba, Bubble Tea","718 W 18th St, Houston, TX 77008, USA","https://img.cdn4dd.com/cdn-cgi/image/fit=contain,width=1200,height=672,format=auto/https://doordash-static.s3.amazonaws.com/media/restaurant/cover_square/b01e0f43-d720-4517-9b3b-62ec02697a43.png",29.8015501,-95.4108497
7ca2eb22-1485-4574-9d75-43ccc7daedcf,KFC,Fried chicken & sides,"2701 Yale St, Houston, TX 77008, USA","https://img.cdn4dd.com/cdn-cgi/image/fit=contain,width=1200,height=672,format=auto/https://doordash-static.s3.amazonaws.com/media/restaurant/cover_square/c6bdd783-afd2-4720-8714-ffc0e512463e.jpg",29.8112588,-95.3998653
a4fbecbd-9524-4629-a8c7-e113d818d79a,World of Sourdough,"American, Sandwiches, Salads, Soup, Cookies","2799 Katy Fwy Suite 120, Houston, TX 77007, USA","https://img.cdn4dd.com/cdn-cgi/image/fit=contain,width=1200,height=672,format=auto/https://doordash-static.s3.amazonaws.com/media/restaurant/cover_square/1a9b89cf-f9f8-4e1d-ab3a-394592417bfc.jpg",29.7750788,-95.3875446
855f5001-4f07-48e2-b503-df97ffcb5164,Clean Juice,"Smoothies, Healthy, Juice Bars & Smoothies, Wraps, Toast, Sandwiches, Juice, Breakfast and Lunch, Breakfast, Salads & Sandwiches","1051 Heights Blvd suite 120, Houston, TX 77008, USA","https://img.cdn4dd.com/cdn-cgi/image/fit=contain,width=1200,height=672,format=auto/https://doordash-static.s3.amazonaws.com/media/restaurant/cover_square/d4bf0696-e8c8-47bc-a050-f77e1316bd14.png",29.7904035,-95.3979767
6df015d8-19d2-4456-9536-070a3a72b581,Fuddruckers,"Burgers, American","Fuddruckers, 2400 S MacGregor Way, Houston, TX 77021, USA","https://img.cdn4dd.com/cdn-cgi/image/fit=contain,width=1200,height=672,format=auto/https://doordash-static.s3.amazonaws.com/media/restaurant/cover_square/b351a75a-28c4-4a5b-a41d-878342cd02d4.png",29.711993,-95.3813178
0d6a6f94-786e-4588-9012-b43645f36376,Kiran's,Traditional Indian Cuisine,"2925 Richmond Ave, Houston, TX 77098, USA","https://img.cdn4dd.com/cdn-cgi/image/fit=contain,width=1200,height=672,format=auto/https://doordash-static.s3.amazonaws.com/media/restaurant/cover_square/Kirans_.png",29.733959,-95.422517
81f8987c-c2cc-465c-ae0f-57ab89e0640b,The Federal American Grill,"American (Traditional), Steakhouses","510 Shepherd Drive, Houston, TX 77007, USA","https://img.cdn4dd.com/cdn-cgi/image/fit=contain,width=1200,height=672,format=auto/https://doordash-static.s3.amazonaws.com/media/restaurant/cover_square/a39fbc1e-122d-432d-8b19-c8b64d9e431a.png",29.7669988,-95.4090417
d1b7fbaf-a4eb-4913-9da9-f54080dd6de8,Baskin-Robbins,"Ice cream cups & cones, milkshakes, and more. While every measure will be taken to deliver exceptional product, product temperature and quality may be affected by longer delivery times. All of our products may have come into contact with allergens including eggs, fish, milk, peanuts, shellfish, soy, tree nuts, or wheat. Please contact your local Baskin Robbins shop for more information.","3266 Westheimer Rd, Houston, TX 77098, USA","https://img.cdn4dd.com/cdn-cgi/image/fit=contain,width=1200,height=672,format=auto/https://doordash-static.s3.amazonaws.com/media/restaurant/cover_square/85dfc824-58b9-442d-9a5d-d3922f58a160.jpg",29.7424853,-95.4256238
99707fad-ac28-47b8-aa2f-566f2e46e29e,Spaghetti Western Italian Cafe,"Italian, Pizza, Calzones, Sandwiches","1951 W T C Jester Blvd, Houston, TX 77008, USA","https://img.cdn4dd.com/cdn-cgi/image/fit=contain,width=1200,height=672,format=auto/https://doordash-static.s3.amazonaws.com/media/restaurant/cover_square/e9c65f7c-e05b-4c5c-999b-9babe8ea34e0.png",29.8027026,-95.4329497
91db9574-51f5-4767-ad6e-88ec05dc167c,Subway,"Sandwiches, Salads, Dessert, Snacks","Enterprise Plaza, 1100 Louisiana St, Houston, TX 77002, USA","https://img.cdn4dd.com/cdn-cgi/image/fit=contain,width=1200,height=672,format=auto/https://doordash-static.s3.amazonaws.com/media/restaurant/cover_square/Subway-app.jpg",29.7575786,-95.3688454
7ef0808a-e90f-4771-8dec-808f0cbb065c,Little Caesars Pizza,"Pizza, Deep Dish Pizza, Chicken Wings, Salads, Italian","6213 Lyons Ave #100, Houston, TX 77020, USA","https://img.cdn4dd.com/cdn-cgi/image/fit=contain,width=1200,height=672,format=auto/https://doordash-static.s3.amazonaws.com/media/restaurant/cover_square/d31d7a89-dc79-4c72-bc22-533686acaa7a.png",29.7768608,-95.3077592
664c12d1-56b1-483b-b475-5ec784ab2fed,duck n bao,duck n bao,"5535 Memorial Dr, Houston, TX 77007, USA","https://img.cdn4dd.com/cdn-cgi/image/fit=contain,width=1200,height=672,format=auto/https://doordash-static.s3.amazonaws.com/media/restaurant/cover_square/61bc5e69-5d59-40aa-b2b9-c125e6f26cf1.png",29.7607632324038,-95.4181979992901
da4a8c40-8f3c-4110-a7a7-2a743a705723,Simply Pho,"Vietnamese, Pickup, Takeout, Asian","2929 Milam St, Houston, TX 77006, USA","https://img.cdn4dd.com/cdn-cgi/image/fit=contain,width=1200,height=672,format=auto/https://doordash-static.s3.amazonaws.com/media/restaurant/cover_square/Simply_Pho_logo.png",29.7439197,-95.3775561
002de389-8d1e-424f-8c02-f4dbe2e56a05,Shake Shack,Burger Restaurant,"702 Main St, Houston, TX 77002, USA","https://img.cdn4dd.com/cdn-cgi/image/fit=contain,width=1200,height=672,format=auto/https://doordash-static.s3.amazonaws.com/media/restaurant/cover_square/shakeShack2.png",29.7592046,-95.3634382
b3b49b59-a338-457f-9a57-3ca482c99ce4,Dunkin',"Donuts, Sandwiches, Snacks, Coffee & Tea, Iced Teas","2330 S Shepherd Dr, Houston, TX 77019, USA","https://img.cdn4dd.com/cdn-cgi/image/fit=contain,width=1200,height=672,format=auto/https://doordash-static.s3.amazonaws.com/media/restaurant/cover_square/98851814-9e10-467f-8867-ec8586529624.png",29.7448915,-95.4108887
6d7d1b01-97a0-4c2c-8313-ff33645d98b5,Dichos Taqueria,"Breakfast, Mexican, Sandwiches","614 S Wayside Dr, Houston, TX 77011, USA","https://img.cdn4dd.com/cdn-cgi/image/fit=contain,width=1200,height=672,format=auto/https://doordash-static.s3.amazonaws.com/media/restaurant/cover_square/f76398fa-472c-458f-91cb-824ec9ffe96b.png",29.7331121,-95.3088633
90c7470a-b2fc-4acd-a54a-4be894a63f45,taqueria tikal,taqueria tikal,"2350 Pease St, Houston, TX 77003, USA","https://img.cdn4dd.com/cdn-cgi/image/fit=contain,width=1200,height=672,format=auto/https://doordash-static.s3.amazonaws.com/media/restaurant/cover_square/d0eeba64-8648-485d-bdb8-80b8a057a95d.jpg",29.7444388,-95.3577556
c4c531cb-90ab-4a03-b083-bff4cfd7f629,El Taco Rico,El Taco Rico,"1818 Hamilton St, Houston, TX 77003, USA","https://img.cdn4dd.com/cdn-cgi/image/fit=contain,width=1200,height=672,format=auto/https://doordash-static.s3.amazonaws.com/media/restaurant/cover_square/1edf680d-ee79-4935-8038-b64cffe2c56c.png",29.7462295,-95.3622859
c9d2bdb0-1fba-48ab-94f1-1fab691ba288,McAlister's Deli,"Salads, Sandwiches, Takeout, Pickup, Deli","3201 N Shepherd Dr, Houston, TX 77018, USA","https://img.cdn4dd.com/cdn-cgi/image/fit=contain,width=1200,height=672,format=auto/https://doordash-static.s3.amazonaws.com/media/restaurant/cover_square/93ff5018-edaa-4fdc-84b3-dd799c301098.04",29.816173,-95.41085
693b19e3-ebb9-46ab-99f9-f566417dd573,Shipley Do-Nuts,"Donuts, Kolaches, Fast Food, Smoothies, Pastries, Bakery","2723 Yale St, Houston, TX 77008, USA","https://img.cdn4dd.com/cdn-cgi/image/fit=contain,width=1200,height=672,format=auto/https://doordash-static.s3.amazonaws.com/media/restaurant/cover_square/94c5f800-b53f-4447-a07e-6ae634e4e7cc.png",29.8117452,-95.399731
3e6561e4-da46-4c7b-8c54-a85a10dff99a,El Kiosko,"Dessert, Juice Bar, Salads, Pickup, Ice Cream, Takeout","El Kiosko, 900 S Wayside Dr, Houston, TX 77023, USA","https://img.cdn4dd.com/cdn-cgi/image/fit=contain,width=1200,height=672,format=auto/https://doordash-static.s3.amazonaws.com/media/restaurant/cover_square/d822f14f-89ca-4249-8939-7f1fc19a78dc.png",29.7293826,-95.310464
3173e4e2-ed14-42f8-93dc-81b2c65eb5a9,Salata,The Fresh Salad Kitchen,"6620 Fannin St, Houston, TX 77030, USA","https://img.cdn4dd.com/cdn-cgi/image/fit=contain,width=1200,height=672,format=auto/https://doordash-static.s3.amazonaws.com/media/restaurant/cover_square/e8d9b13b-321f-476f-b344-36cabb9a467b.png",29.7094498,-95.4013855
b159bd54-ea4a-4f21-98fb-3a08730fbc0a,Roostar Vietnamese Grill,"Pickup, Catering, Vegetarian, Vietnamese, Sandwiches, Takeout, Asian","2929 Navigation Blvd Suite 190, Houston, TX 77003, USA","https://img.cdn4dd.com/cdn-cgi/image/fit=contain,width=1200,height=672,format=auto/https://doordash-static.s3.amazonaws.com/media/restaurant/cover_square/3b02e0a4-15a9-4d93-90da-14668c2d91fd.png",29.7567373357365,-95.3407020772071
357211bc-238e-4463-9077-3305b1a98a02,Cafe Express,"Lunch, Sandwiches, Modern European, Healthy, Salad, Chicken, Soup","1422 W Gray St, Houston, TX 77019, USA","https://img.cdn4dd.com/cdn-cgi/image/fit=contain,width=1200,height=672,format=auto/https://doordash-static.s3.amazonaws.com/media/restaurant/cover_square/a013ef13-5c4b-4ca6-bc7c-580fea84db5c.png",29.7534785610155,-95.3996055693552
115ec02a-831a-4cad-855c-825277daee5a,Trendy Dumpling,"Asian, Chinese, Szechuan, Pickup, Asian Food, Takeout","3285 Southwest Fwy, Houston, TX 77027, USA","https://img.cdn4dd.com/cdn-cgi/image/fit=contain,width=1200,height=672,format=auto/https://doordash-static.s3.amazonaws.com/media/restaurant/cover_square/1ac46b57-e752-43bd-be46-435faafb2237.png",29.728557,-95.432086
bc056529-7076-46a4-b272-0fe08fb32628,El Tiempo Taqueria,"Takeout, Pickup, Grocery, Tex-Mex, Mexican","5526 Washington Ave, Houston, TX 77007, USA","https://img.cdn4dd.com/cdn-cgi/image/fit=contain,width=1200,height=672,format=auto/https://doordash-static.s3.amazonaws.com/media/restaurant/cover_square/c61744b5-111d-494f-8729-5f0eb180e527.png",29.7709217,-95.4182798
81e4924c-a5d6-418e-9e4e-d5b8cce6115a,JuiceWell,Juice Bar,"JuiceWell, 3773 Richmond Ave #1B, Houston, TX 77046, USA","https://img.cdn4dd.com/cdn-cgi/image/fit=contain,width=1200,height=672,format=auto/https://doordash-static.s3.amazonaws.com/media/restaurant/cover_square/9566fd9a-e349-4f7a-b850-cd8cd409d3ac.png",29.7324326,-95.4379318
2a84a1f5-e63a-4e8c-83c9-93b96953673f,Cosmo Food With Mood,"Breakfast, Sandwiches, Pizza, Cheesesteaks","5927 Almeda Rd, Houston, TX 77004, USA","https://img.cdn4dd.com/cdn-cgi/image/fit=contain,width=1200,height=672,format=auto/https://doordash-static.s3.amazonaws.com/media/restaurant/cover_square/cf58233c-9dd7-4996-bc0d-39fcd610bcb7.jpg",29.714931,-95.38083
e6a75182-6046-465a-b2d8-2e65092e0b6a,Cheaters Creamery,Cheaters Creamery,"5335 Washington Ave, Houston, TX 77007, USA","https://img.cdn4dd.com/cdn-cgi/image/fit=contain,width=1200,height=672,format=auto/https://doordash-static.s3.amazonaws.com/media/restaurant/cover_square/6285b852-d9d7-4864-b08b-0cfda6b1a7fa.608",29.7705323228857,-95.4122848367609
6f7ec4c0-13ec-4e31-ab8d-b623fce109fd,Collina's,Italian Cafe,"502 W 19th St, 502 West 19th Street, Houston, TX 77008, USA","https://img.cdn4dd.com/cdn-cgi/image/fit=contain,width=1200,height=672,format=auto/https://doordash-static.s3.amazonaws.com/media/restaurant/cover_square/Collinas__.gif",29.802468,-95.4061856
d78a13da-33d0-4f2e-8d1a-52df11ba49be,B’s African Kitchen,"African, Tapas/Small Plates, Snacks","3530 Scott St, Houston, TX 77004, USA","https://img.cdn4dd.com/cdn-cgi/image/fit=contain,width=1200,height=672,format=auto/https://doordash-static.s3.amazonaws.com/media/restaurant/cover_square/a9e80f21-f317-4266-a9d5-1cde26813f65.png",29.723949,-95.351142
5b79102b-20e6-4721-815c-28b497f4670a,Cowboys  & Indians Tex-In Kitchen,"Indian, Curry, Brunch, Salads, Dessert","519 Shepherd Dr, Houston, TX 77007, USA","https://img.cdn4dd.com/cdn-cgi/image/fit=contain,width=1200,height=672,format=auto/https://doordash-static.s3.amazonaws.com/media/restaurant/cover_square/67b5c654-278c-4f34-9d10-84e561967b89.png",29.7672688,-95.4096971
2ef9ac13-06c2-4796-a0a0-7410e817b207,Thrive Juices,"Toast, Acai Bowls, Healthy Smoothies, Healthy, Juice, Juice Bar, Juice & Smoothie","401 Franklin St, Houston, TX 77201, USA","https://img.cdn4dd.com/cdn-cgi/image/fit=contain,width=1200,height=672,format=auto/https://doordash-static.s3.amazonaws.com/media/restaurant/cover_square/791f5ac2-7825-4e86-ab33-fee6f0984146.jpeg",29.7662149,-95.3648839
7dbd8ef7-81e7-46e9-a397-124f54bdd8a5,The Burger Den,"Burgers, Milk Shakes, American, Fast Food","Denny's, 2316 Southmore Blvd, Houston, TX 77004, USA","https://img.cdn4dd.com/cdn-cgi/image/fit=contain,width=1200,height=672,format=auto/https://doordash-static.s3.amazonaws.com/media/restaurant/cover_square/BurgerDen-Logo-OnWhite_230x230.jpg",29.7212426,-95.3762061
d88fbf22-ac58-40dc-b33d-217955fa41e8,The Chocolate Bar,"Pickup, Takeout, Ice Cream, Dessert, Chocolatiers & Shops, Coffee","2521 University Blvd, Houston, TX 77005, USA","https://img.cdn4dd.com/cdn-cgi/image/fit=contain,width=1200,height=672,format=auto/https://doordash-static.s3.amazonaws.com/media/restaurant/cover_square/999fe157-6020-4b79-8b3e-f6566d5eac39.png",29.7148243,-95.4176302
c08a98d1-3a8e-4a1b-ab5c-cf321cdeb322,Hubbard Ltd Kitchen,Chef-driven menu of creative sandwiches & soulful salads,"3968 Alvarado Well Apt. 872, Marina del Rey, Los Angeles, CA","https://img.cdn4dd.com/cdn-cgi/image/fit=contain,width=1200,height=672,format=auto/https://doordash-static.s3.amazonaws.com/media/restaurant/cover_square/63a203b8-2ecf-4b95-9037-016f8d533ace.jpg",29.7565984,-95.370438
546760c9-d01c-42b5-aaa9-aa9c41c7a17c,Vaughn Group Cafe,"Donuts, Kolaches, Fast Food, Smoothies, Pastries, Bakery","987 Joseph Rue, Westwood, Los Angeles, CA","https://img.cdn4dd.com/cdn-cgi/image/fit=contain,width=1200,height=672,format=auto/https://doordash-static.s3.amazonaws.com/media/restaurant/cover_square/94c5f800-b53f-4447-a07e-6ae634e4e7cc.png",29.8117452,-95.399731
90932f8e-5a3f-4635-8112-5d6dddf695e2,Miller Ltd Restaurant,"Soul Food, Cafe, Breakfast, Dessert","2952 Colleen Village Apt. 760, Koreatown, Los Angeles, CA","https://img.cdn4dd.com/cdn-cgi/image/fit=contain,width=1200,height=672,format=auto/https://doordash-static.s3.amazonaws.com/media/restaurant/cover_square/92e75b46-6278-458b-9036-e3d5b722dc00.png",29.7234313,-95.3782919
fd0d7e50-4f7c-47e0-a2f4-edccefe2e897,Horton Ltd Eatery,La fiesta resturant & cantina,"03876 Thomas Street, Westwood, Los Angeles, CA","https://img.cdn4dd.com/cdn-cgi/image/fit=contain,width=1200,height=672,format=auto/https://doordash-static.s3.amazonaws.com/media/restaurant/cover_square/d202dd0f-fd2b-4b98-9157-29d8a9bf4a8a.png",29.7763934,-95.387658
0e586481-a07d-47bc-a089-69057fe761a7,"Edwards, Wilson and Fields Restaurant","American (New), Cafes, Breakfast, Lunch","81076 Alex Fort, Pacific Palisades, Los Angeles, CA","https://img.cdn4dd.com/cdn-cgi/image/fit=contain,width=1200,height=672,format=auto/https://doordash-static.s3.amazonaws.com/media/restaurant/cover_square/Black_Walnut_Cafe_logo_.png",29.761883,-95.4180386
019254fa-3da4-4637-863b-d22158b3e37e,Garcia-Donovan Cafe,Reaux of Sweets,"8722 Kevin Mall Apt. 381, Pacific Palisades, Los Angeles, CA","https://img.cdn4dd.com/cdn-cgi/image/fit=contain,width=1200,height=672,format=auto/https://doordash-static.s3.amazonaws.com/media/restaurant/cover_square/2930950a-f729-4a26-bd6b-b261dbb6d0f9.png",29.7226889,-95.3704827
0e50b0f6-e0c8-4ec3-bdd3-7d5956d94ab5,Jenkins-Orr Kitchen,"Asian, Poke, Japanese, Sushi Bars","98159 April Isle, Venice Beach, Los Angeles, CA","https://img.cdn4dd.com/cdn-cgi/image/fit=contain,width=1200,height=672,format=auto/https://doordash-static.s3.amazonaws.com/media/restaurant/cover_square/443d089f-91e6-4012-aa0e-3fc18cca011f.png",29.7581013,-95.3699503
6e0523da-0f9b-4929-95d7-46650453e953,Jones LLC Kitchen,"Mexican, Fast Food, Late Night","109 Mcintosh Streets, Silver Lake, Los Angeles, CA","https://img.cdn4dd.com/cdn-cgi/image/fit=contain,width=1200,height=672,format=auto/https://doordash-static.s3.amazonaws.com/media/restaurant/cover_square/946112c1-9c44-4e21-b18c-0242d4da306c.png",29.7757646,-95.3819373
f5111348-e467-4da8-9c43-953630692271,Russell Ltd Eatery,"Bakery, Burgers, Sweets, Wraps, Fries","071 Eric Center Suite 774, Beverly Hills, Los Angeles, CA","https://img.cdn4dd.com/cdn-cgi/image/fit=contain,width=1200,height=672,format=auto/https://doordash-static.s3.amazonaws.com/media/restaurant/cover_square/89e74080-3454-43ad-89bc-b434479f390a.png",29.7594315,-95.3648084
85111cfa-7774-4e4a-be89-23408235d9f8,Johnson Group Bistro,"Poke, Hawaiian","79376 Sergio Overpass Apt. 464, Pasadena, Los Angeles, CA","https://img.cdn4dd.com/cdn-cgi/image/fit=contain,width=1200,height=672,format=auto/https://doordash-static.s3.amazonaws.com/media/restaurant/cover_square/d7b8fb08-de94-42be-b8a6-4fd15cdb0df0.png",29.7706734,-95.4069007
1ab0e6a9-dc71-47cf-be08-467454e11481,"Li, Hall and Sanford Grill",Pizza Restaurant,"813 Michael Centers, Westwood, Los Angeles, CA","https://img.cdn4dd.com/cdn-cgi/image/fit=contain,width=1200,height=672,format=auto/https://doordash-static.s3.amazonaws.com/media/restaurant/cover_square/cbfe264d-134f-40e1-9b77-62d7567b8347.png",29.7506765,-95.375564
c39cd115-e18c-4fe1-b94c-662b498cdf2e,"Baird, Williams and Mcclain Cafe","dessert, desserts, ice cream, frozen yogurt, cake, catering","615 Galloway Orchard, Mid-Wilshire, Los Angeles, CA","https://img.cdn4dd.com/cdn-cgi/image/fit=contain,width=1200,height=672,format=auto/https://doordash-static.s3.amazonaws.com/media/restaurant/cover_square/7208446b-ac01-4113-add1-b49be05bddb5.png",29.775552,-95.382718
665837b0-ad7d-4e06-b696-7858eb26ddb0,Brooks Group Restaurant,On The Kirb,"51888 Martinez Union Suite 620, Marina del Rey, Los Angeles, CA","https://img.cdn4dd.com/cdn-cgi/image/fit=contain,width=1200,height=672,format=auto/https://doordash-static.s3.amazonaws.com/media/restaurant/cover_square/8119a8cc-f035-4c9c-9a71-55e9208146d9.png",29.7487137,-95.3787639
a49658e5-19b5-40fa-bf5b-247696a04b0b,Pham-Weiss Eatery,"Tex-Mex, Sandwich, Takeout, Pickup, Lunch, Breakfast, Mexican, Tacos","47373 Brown Plains Apt. 884, Hollywood, Los Angeles, CA","https://img.cdn4dd.com/cdn-cgi/image/fit=contain,width=1200,height=672,format=auto/https://doordash-static.s3.amazonaws.com/media/restaurant/cover_square/ab1f1dcb-7e32-4914-bd6d-1f0495448c9e.png",29.760042,-95.362112
3abaa34a-b3ea-438d-8619-2bfb5241bb1f,"Lee, Gonzalez and Carter Grill","Smoothies, Healthy, Juice Bars & Smoothies, Wraps, Toast, Sandwiches, Juice, Breakfast and Lunch, Breakfast, Salads & Sandwiches","3376 Phyllis Cape, Hollywood, Los Angeles, CA","https://img.cdn4dd.com/cdn-cgi/image/fit=contain,width=1200,height=672,format=auto/https://doordash-static.s3.amazonaws.com/media/restaurant/cover_square/d4bf0696-e8c8-47bc-a050-f77e1316bd14.png",29.7904035,-95.3979767
b4ae6d18-5b10-4296-9486-9ba950a75ebb,"Henson, Barker and Wise Bistro","Ice Cream, Milk Shakes, Desserts, Snacks, Juice","89383 Terry Walk, Culver City, Los Angeles, CA","https://img.cdn4dd.com/cdn-cgi/image/fit=contain,width=1200,height=672,format=auto/https://doordash-static.s3.amazonaws.com/media/restaurant/cover_square/3c3c9d22-98b5-44fb-9a6a-8ba173342270.jpg",29.717034,-95.4147162
5bd3e429-d649-4c12-a48a-99e24b3b0cee,Dominguez-Chapman Bistro,"Teriyaki, Chicken, Gluten-Free, Dessert","92409 Amy Heights Apt. 738, West Hollywood, Los Angeles, CA","https://img.cdn4dd.com/cdn-cgi/image/fit=contain,width=1200,height=672,format=auto/https://doordash-static.s3.amazonaws.com/media/restaurant/cover_square/4a91e856-5e9c-4f5a-aac4-f5a7e9b2f045.png",29.7226889,-95.3704827
ee56ad3f-5f79-478f-bd87-9793a5ffa205,Stewart-Yoder Bistro,"Tex-Mex, Sandwich, Takeout, Pickup, Lunch, Breakfast, Mexican, Tacos","127 David Harbor Apt. 060, Koreatown, Los Angeles, CA","https://img.cdn4dd.com/cdn-cgi/image/fit=contain,width=1200,height=672,format=auto/https://doordash-static.s3.amazonaws.com/media/restaurant/cover_square/ab1f1dcb-7e32-4914-bd6d-1f0495448c9e.png",29.760042,-95.362112
5f89b799-eee5-48eb-ab06-ee238eb636f6,"Morse, Johnson and Thomas Kitchen","Italian, Pizza, Calzones, Sandwiches","172 Angela Islands, Malibu, Los Angeles, CA","https://img.cdn4dd.com/cdn-cgi/image/fit=contain,width=1200,height=672,format=auto/https://doordash-static.s3.amazonaws.com/media/restaurant/cover_square/e9c65f7c-e05b-4c5c-999b-9babe8ea34e0.png",29.8027026,-95.4329497
1dea5cee-2645-4f3b-b4fa-75f9313714ef,"Davis, Smith and Rodriguez Bistro","Halal, Birria, Quesadillas, Fries, Tacos, Nachos, Mexican, Fast Food","2274 Danielle Ridge Apt. 921, Silver Lake, Los Angeles, CA","https://img.cdn4dd.com/cdn-cgi/image/fit=contain,width=1200,height=672,format=auto/https://doordash-static.s3.amazonaws.com/media/restaurant/cover_square/3914cdf9-3499-4b21-82b5-e4b8085f0e6e.png",29.7426555,-95.4034414
e1d33838-a89e-4118-9f5a-27af3021b429,Hernandez-Campbell Eatery,"Donuts, Kolaches, Fast Food, Smoothies, Pastries, Bakery","26374 John Loaf Apt. 952, Culver City, Los Angeles, CA","https://img.cdn4dd.com/cdn-cgi/image/fit=contain,width=1200,height=672,format=auto/https://doordash-static.s3.amazonaws.com/media/restaurant/cover_square/94c5f800-b53f-4447-a07e-6ae634e4e7cc.png",29.8117452,-95.399731
857967fb-0d99-4339-8958-4b03deb6781a,"Molina, Black and Meyers Restaurant","Smoothies, Tacos, Coffee, Sandwiches","4528 Garza Fields, Chinatown, Los Angeles, CA","https://img.cdn4dd.com/cdn-cgi/image/fit=contain,width=1200,height=672,format=auto/https://doordash-static.s3.amazonaws.com/media/restaurant/cover_square/9206bbe3-fce8-45ae-8c15-a0420dc3a9f2.png",29.7412793,-95.4340316
5175f9cd-21ff-44e9-9f38-07cacdb68064,"Hall, Robinson and Lopez Eatery",DUPSY’S A Modern African Kitchen,"30266 Haley Vista Apt. 116, Marina del Rey, Los Angeles, CA","https://img.cdn4dd.com/cdn-cgi/image/fit=contain,width=1200,height=672,format=auto/https://doordash-static.s3.amazonaws.com/media/restaurant/cover_square/5dd75c88-9572-45e4-84d9-17546b14e9e6.jpeg",29.7226889,-95.3704827
d57effc9-1904-479c-867d-c436ca8ca137,Ramirez PLC Cafe,"Pickup, Catering, Vegetarian, Vietnamese, Sandwiches, Takeout, Asian","87398 Eric Square Suite 505, Downtown LA, Los Angeles, CA","https://img.cdn4dd.com/cdn-cgi/image/fit=contain,width=1200,height=672,format=auto/https://doordash-static.s3.amazonaws.com/media/restaurant/cover_square/3b02e0a4-15a9-4d93-90da-14668c2d91fd.png",29.7567373357365,-95.3407020772071
542abd80-041e-42be-b982-2dcf751458b7,"Sweeney, Rodriguez and Hall Bistro","Thai, Asian","42211 Espinoza Park, Downtown LA, Los Angeles, CA","https://img.cdn4dd.com/cdn-cgi/image/fit=contain,width=1200,height=672,format=auto/https://doordash-static.s3.amazonaws.com/media/restaurant/cover_square/6c0ba1de-25e3-4485-8a8c-4182b5875edf.png",29.7601874,-95.3986191
9e357124-5e33-4aef-80de-9a6343c5ef2f,Gonzalez Group Kitchen,"Ice Cream, Milk Shakes, Desserts, Snacks, Juice","180 Jeffrey Drive, Malibu, Los Angeles, CA","https://img.cdn4dd.com/cdn-cgi/image/fit=contain,width=1200,height=672,format=auto/https://doordash-static.s3.amazonaws.com/media/restaurant/cover_square/3c3c9d22-98b5-44fb-9a6a-8ba173342270.jpg",29.717034,-95.4147162
e6d6e5f2-3f6e-408c-893b-e9740b14a82b,Rose-Thomas Kitchen,"American (Traditional), Steakhouses","987 Ewing Plaza, Hollywood, Los Angeles, CA","https://img.cdn4dd.com/cdn-cgi/image/fit=contain,width=1200,height=672,format=auto/https://doordash-static.s3.amazonaws.com/media/restaurant/cover_square/a39fbc1e-122d-432d-8b19-c8b64d9e431a.png",29.7669988,-95.4090417
e7201a41-65d6-4e73-b651-228344e6b8fc,Payne PLC Cafe,Heaven in a jar,"32450 Lowe Dale Suite 632, Little Tokyo, Los Angeles, CA","https://img.cdn4dd.com/cdn-cgi/image/fit=contain,width=1200,height=672,format=auto/https://doordash-static.s3.amazonaws.com/media/restaurant/cover_square/1e6f2da8-0afd-4108-b580-1c59d26afc84.jpg",29.7226889,-95.3704827
0e5775e0-4845-49d1-a239-839dee1253cc,"Ritter, Reed and Gomez Cafe",El Taco Rico,"76997 Brenda Causeway, Beverly Hills, Los Angeles, CA","https://img.cdn4dd.com/cdn-cgi/image/fit=contain,width=1200,height=672,format=auto/https://doordash-static.s3.amazonaws.com/media/restaurant/cover_square/1edf680d-ee79-4935-8038-b64cffe2c56c.png",29.7462295,-95.3622859
d0a11f40-18bb-469a-b1c4-f0f920d5a8b3,Mcknight-Smith Cafe,"Dessert, Breakfast, Pickup, Sweets, Coffee, Takeout, Lunch","2602 Lee Turnpike Suite 631, Brentwood, Los Angeles, CA","https://img.cdn4dd.com/cdn-cgi/image/fit=contain,width=1200,height=672,format=auto/https://doordash-static.s3.amazonaws.com/media/restaurant/cover_square/e9d693f9-a73c-4797-84a5-f547a360b00c.png",29.7322442,-95.4405719
afd13298-5b4c-4202-bec7-8d2ff5764b69,Huff-Lane Kitchen,Coffee Shop & Bar,"44645 Wanda Knolls, Pasadena, Los Angeles, CA","https://img.cdn4dd.com/cdn-cgi/image/fit=contain,width=1200,height=672,format=auto/https://doordash-static.s3.amazonaws.com/media/restaurant/cover_square/e719fe28-0bef-4c61-bfb3-c9c1d9b05f1f.png",29.8032465,-95.3985567
a95873d5-de39-47ab-86d4-f94b145a663e,Davis and Sons Eatery,Hawaiian-inspired bowls concept.,"69432 Reid Ranch, Hollywood, Los Angeles, CA","https://img.cdn4dd.com/cdn-cgi/image/fit=contain,width=1200,height=672,format=auto/https://doordash-static.s3.amazonaws.com/media/restaurant/cover_square/updated_logo_9562.jpg",29.7226889,-95.3704827
21ee9e3d-57a8-4e9d-b23f-6f759c444b8f,Kim and Sons Eatery,"Donuts, Kolaches, Fast Food, Smoothies, Pastries, Bakery","962 Katherine Run, Westwood, Los Angeles, CA","https://img.cdn4dd.com/cdn-cgi/image/fit=contain,width=1200,height=672,format=auto/https://doordash-static.s3.amazonaws.com/media/restaurant/cover_square/94c5f800-b53f-4447-a07e-6ae634e4e7cc.png",29.8117452,-95.399731
b0e52f0f-34dd-4391-bda0-84e1a01ab4ec,Fuller-Hall Bistro,Roast And Brew Cafe,"22820 Chad Fork Apt. 098, Westwood, Los Angeles, CA","https://img.cdn4dd.com/cdn-cgi/image/fit=contain,width=1200,height=672,format=auto/https://doordash-static.s3.amazonaws.com/media/restaurant/cover_square/ab637eb1-9dab-4a80-bcc8-8dfae64bd28e.jpg",29.8030393,-95.41578
aa401962-f1c8-4997-947d-7963ac064861,Harris-Mueller Grill,"Coffee & Tea, Breakfast, Lunch, and Sweets","03247 Stephenson Mountains, Westwood, Los Angeles, CA","https://img.cdn4dd.com/cdn-cgi/image/fit=contain,width=1200,height=672,format=auto/https://doordash-static.s3.amazonaws.com/media/restaurant/cover_square/2c09d946-5237-4271-9f64-a23a83b3e8a1.05",29.7505562,-95.3747082
81a13fb2-e4aa-4145-a174-c742d8b32c36,Terry-Schmidt Bistro,Seriously Fresh Mex,"57099 Evan Wells Suite 288, Los Feliz, Los Angeles, CA","https://img.cdn4dd.com/cdn-cgi/image/fit=contain,width=1200,height=672,format=auto/https://doordash-static.s3.amazonaws.com/media/restaurant/cover_square/53ee0545-c5ef-4d60-93f7-91f071c17f0c.jpg",29.7905435,-95.3897947
86eaa153-c8c3-43d0-8560-1cd6cc7b6908,"Collins, Kramer and Smith Grill",Italian Cafe,"642 Melissa Hills Suite 268, Koreatown, Los Angeles, CA","https://img.cdn4dd.com/cdn-cgi/image/fit=contain,width=1200,height=672,format=auto/https://doordash-static.s3.amazonaws.com/media/restaurant/cover_square/Collinas__.gif",29.802468,-95.4061856
844e0c6e-6a7e-41c1-98bd-109e42566986,Lee PLC Bistro,"Noodles, Salads, Rolls, Bento Box, Nigiri, Grill, Japanese, Sushi Bars, Sashimi","3981 Martinez Stream, Manhattan Beach, Los Angeles, CA","https://img.cdn4dd.com/cdn-cgi/image/fit=contain,width=1200,height=672,format=auto/https://doordash-static.s3.amazonaws.com/media/restaurant/cover_square/72a8ae73-47e9-43de-908b-0e881a93756d.png",29.7449905,-95.3775664
be5545de-35f2-457a-9676-d9f754b4a9bb,"Reed, Hogan and Mann Kitchen","Donuts, Breakfast & Brunch, Bakeries","9312 Bell Brook, Chinatown, Los Angeles, CA","https://img.cdn4dd.com/cdn-cgi/image/fit=contain,width=1200,height=672,format=auto/https://doordash-static.s3.amazonaws.com/media/restaurant/cover_square/45c1a92e-637a-4fbf-8ed4-7e74b4104429.png",29.7529896,-95.392387
b86b5ee9-53c8-47e0-a7c7-d335d84f2ca6,Le PLC Bistro,"Pickup, Catering, Vegetarian, Vietnamese, Sandwiches, Takeout, Asian","4404 Amy Knolls, Brentwood, Los Angeles, CA","https://img.cdn4dd.com/cdn-cgi/image/fit=contain,width=1200,height=672,format=auto/https://doordash-static.s3.amazonaws.com/media/restaurant/cover_square/3b02e0a4-15a9-4d93-90da-14668c2d91fd.png",29.7567373357365,-95.3407020772071
1d087a0f-b257-4395-9168-818db35f7872,Clayton-Singh Cafe,"American (New), Breakfast & Brunch","41341 Jones Island Suite 220, Brentwood, Los Angeles, CA","https://img.cdn4dd.com/cdn-cgi/image/fit=contain,width=1200,height=672,format=auto/https://doordash-static.s3.amazonaws.com/media/restaurant/cover_square/Maxs_Wine_Dive_logo.png",29.7708299,-95.4090042
4ea7efa6-1806-43b1-b2f4-e4a7f169fbcb,Shelton and Sons Grill,"Healthy, Chinese, Bowls, Asian","41821 Campbell Viaduct Suite 962, Pasadena, Los Angeles, CA","https://img.cdn4dd.com/cdn-cgi/image/fit=contain,width=1200,height=672,format=auto/https://doordash-static.s3.amazonaws.com/media/restaurant/cover_square/23f0cfc0-a43c-422b-855d-7c20ede89c52.png",29.7226889,-95.3704827
81c8fd68-adc6-4724-ae07-b9c177bad56c,Wiggins Group Eatery,"Juice Bar, Smoothies, Acai Bowls","270 Bullock Mount Suite 596, Silver Lake, Los Angeles, CA","https://img.cdn4dd.com/cdn-cgi/image/fit=contain,width=1200,height=672,format=auto/https://doordash-static.s3.amazonaws.com/media/restaurant/cover_square/Nekter_Juice_Bar_logo_.png",29.7520678,-95.3772751
5347f818-6639-4952-a9e2-7410a6318bc8,"Henderson, Bell and Weber Kitchen","Takeout, Tacos, Breakfast, Pickup, Lunch, Mexican, Sandwich","673 Perez Port Suite 793, Venice Beach, Los Angeles, CA","https://img.cdn4dd.com/cdn-cgi/image/fit=contain,width=1200,height=672,format=auto/https://doordash-static.s3.amazonaws.com/media/restaurant/cover_square/f619098f-4bb3-4fb5-9ad6-118f8c29e960.png",29.7635455,-95.360686
f6cc37a9-ceb0-4540-8c56-ce589197db15,"Bernard, Phillips and Smith Grill",Southern,"801 Christine Spring, Venice Beach, Los Angeles, CA","https://img.cdn4dd.com/cdn-cgi/image/fit=contain,width=1200,height=672,format=auto/https://doordash-static.s3.amazonaws.com/media/restaurant/cover_square/a58a52ab-1186-49fd-8889-6d6f99b9baba.png",29.7500039,-95.3598537
054fc835-bd63-4181-a038-6e1948cffec3,Green Ltd Bistro,"Takeout, Healthy, Sandwich, Mexican, Pickup, Breakfast","7900 Chad Common, Hermosa Beach, Los Angeles, CA","https://img.cdn4dd.com/cdn-cgi/image/fit=contain,width=1200,height=672,format=auto/https://doordash-static.s3.amazonaws.com/media/restaurant/cover_square/77ec5341-d711-4906-906e-c7aaf84f0ca8.png",29.8042234,-95.4270536
5984a5ca-4410-4c2e-a1aa-69fc2d56f22e,Perez-Smith Eatery,"Israeli cuisine, Tapas/Small Plates, Shawarma, Falafel","479 Carter Center Apt. 876, Little Tokyo, Los Angeles, CA","https://img.cdn4dd.com/cdn-cgi/image/fit=contain,width=1200,height=672,format=auto/https://doordash-static.s3.amazonaws.com/media/restaurant/cover_square/5d366315-4a02-4e9d-a451-204b485148c1.jpg",29.7162019,-95.4146548
a307dc97-9cef-4535-9998-f23181f01aa0,"Hartman, Blevins and Blake Cafe","Breakfast, Fast Food, Burgers","1658 Stacy Spur Suite 716, Los Feliz, Los Angeles, CA","https://img.cdn4dd.com/cdn-cgi/image/fit=contain,width=1200,height=672,format=auto/https://doordash-static.s3.amazonaws.com/media/restaurant/cover_square/185dbfce-0343-4325-8547-55b157c68db5.png",29.7913369,-95.3732016
ebf66591-4648-46d7-a1b4-ec075e9b3aeb,Carr-Price Kitchen,"Lunch, Dessert, Deli, Sandwiches, Sandwich, Pickup, Breakfast, Takeout","632 Vargas Crest, Venice Beach, Los Angeles, CA","https://img.cdn4dd.com/cdn-cgi/image/fit=contain,width=1200,height=672,format=auto/https://doordash-static.s3.amazonaws.com/media/restaurant/cover_square/Katzs_Deli__Bar_.png",29.7448291,-95.389478
df1d35ad-925b-49d0-aec4-d14433ae7aad,"Perez, Harrison and Lee Bistro","Salads, Sandwiches, Takeout, Pickup, Deli","446 Cindy Turnpike, Venice Beach, Los Angeles, CA","https://img.cdn4dd.com/cdn-cgi/image/fit=contain,width=1200,height=672,format=auto/https://doordash-static.s3.amazonaws.com/media/restaurant/cover_square/93ff5018-edaa-4fdc-84b3-dd799c301098.04",29.816173,-95.41085
920727d3-e837-43d9-af32-32444776ea71,"Ross, Thornton and Romero Restaurant","Healthy, Local, Organic, Latte, Matcha, Cold pressed juices, Salad, Salads, Gluten Free, Vegan, Vegetarian, Smoothies, Coffee, Juice Bars & Smoothies","5228 Johnson Cape, Redondo Beach, Los Angeles, CA","https://img.cdn4dd.com/cdn-cgi/image/fit=contain,width=1200,height=672,format=auto/https://doordash-static.s3.amazonaws.com/media/restaurant/cover_square/5ed68ee5-7a07-4fa4-ad4a-135890251ffd.jpg",29.7435912,-95.395878
33d36393-bf5c-48fc-96c2-a313f680a4d5,"Hamilton, Wells and Bell Kitchen",Seriously Fresh Mex,"95351 Roberts Well, Echo Park, Los Angeles, CA","https://img.cdn4dd.com/cdn-cgi/image/fit=contain,width=1200,height=672,format=auto/https://doordash-static.s3.amazonaws.com/media/restaurant/cover_square/53ee0545-c5ef-4d60-93f7-91f071c17f0c.jpg",29.7905435,-95.3897947
1d9d35bf-ab2c-4fd8-a29b-a1b3cc36b653,"Perez, Browning and Russell Restaurant","Smoothies, Tacos, Coffee, Sandwiches","79647 Fitzpatrick Cliffs Suite 523, Marina del Rey, Los Angeles, CA","https://img.cdn4dd.com/cdn-cgi/image/fit=contain,width=1200,height=672,format=auto/https://doordash-static.s3.amazonaws.com/media/restaurant/cover_square/9206bbe3-fce8-45ae-8c15-a0420dc3a9f2.png",29.7412793,-95.4340316
d4876794-e559-49f7-9b27-f2cb03ab7d34,"Banks, Savage and Valencia Kitchen","Takeout, Pickup, Grocery, Tex-Mex, Mexican","53944 Jackson Forge Suite 024, Hermosa Beach, Los Angeles, CA","https://img.cdn4dd.com/cdn-cgi/image/fit=contain,width=1200,height=672,format=auto/https://doordash-static.s3.amazonaws.com/media/restaurant/cover_square/c61744b5-111d-494f-8729-5f0eb180e527.png",29.7709217,-95.4182798
79f94c3e-5f49-4bef-b4fb-25f3e204855e,Simmons Ltd Bistro,DUPSY’S A Modern African Kitchen,"992 Griffin Neck, Echo Park, Los Angeles, CA","https://img.cdn4dd.com/cdn-cgi/image/fit=contain,width=1200,height=672,format=auto/https://doordash-static.s3.amazonaws.com/media/restaurant/cover_square/5dd75c88-9572-45e4-84d9-17546b14e9e6.jpeg",29.7226889,-95.3704827
02f95b50-8b31-496e-95fe-4c0d97ec2719,Roberts-Jefferson Bistro,"Chicken, Milk Shakes, American, Burgers, Sandwiches, Pancakes, Breakfast","2410 Banks Radial Apt. 914, Silver Lake, Los Angeles, CA","https://img.cdn4dd.com/cdn-cgi/image/fit=contain,width=1200,height=672,format=auto/https://doordash-static.s3.amazonaws.com/media/restaurant/cover_square/IHOP_logo.jpg",29.729884,-95.416786
5e97320e-9afb-4a50-80a6-642ba06a013c,Sexton Inc Grill,"Sandwiches, Salads, Dessert, Snacks","06632 Jennifer Garden Apt. 919, Silver Lake, Los Angeles, CA","https://img.cdn4dd.com/cdn-cgi/image/fit=contain,width=1200,height=672,format=auto/https://doordash-static.s3.amazonaws.com/media/restaurant/cover_square/Subway-app.jpg",29.7466861,-95.359915
a0ac91ae-e3fd-4a18-9191-5dcdca4b20f7,Montgomery-Ware Bistro,Mexican Restaurant,"4881 Acosta Expressway, Pasadena, Los Angeles, CA","https://img.cdn4dd.com/cdn-cgi/image/fit=contain,width=1200,height=672,format=auto/https://doordash-static.s3.amazonaws.com/media/restaurant/cover_square/0371036b-6fc6-4e11-8435-f952dd8da881.png",29.7745943,-95.4098315
63361997-52cd-4150-9add-1b1ce6f87754,"Silva, Guzman and Hill Cafe",Ice Cream Shop,"39269 Thomas Dam Apt. 383, West Hollywood, Los Angeles, CA","https://img.cdn4dd.com/cdn-cgi/image/fit=contain,width=1200,height=672,format=auto/https://doordash-static.s3.amazonaws.com/media/restaurant/cover_square/86ac97da-1c55-4853-8cde-ac6345b980b4.png",29.8030914,-95.4034654
dc2777a5-fb71-4d00-9c0d-082b5b080e08,Davis-Hampton Restaurant,Japanese  Restaurant,"12504 Catherine Springs Apt. 504, Venice Beach, Los Angeles, CA","https://img.cdn4dd.com/cdn-cgi/image/fit=contain,width=1200,height=672,format=auto/https://doordash-static.s3.amazonaws.com/media/restaurant/cover_square/7c643542-c4b2-4f45-8c82-ff3d8b80c65c.png",29.750596,-95.3753185
bcc479c7-a506-4267-8984-0b2a7c9f75f0,"Vasquez, Mason and Lee Restaurant",Chef-driven menu of creative sandwiches & soulful salads,"982 Stephanie Forks, Koreatown, Los Angeles, CA","https://img.cdn4dd.com/cdn-cgi/image/fit=contain,width=1200,height=672,format=auto/https://doordash-static.s3.amazonaws.com/media/restaurant/cover_square/63a203b8-2ecf-4b95-9037-016f8d533ace.jpg",29.7565984,-95.370438
a3e4ae3b-b69d-48c2-934a-81495c2a3dff,Parker Ltd Cafe,Yummy's bite,"5883 Smith Mountains Apt. 940, Marina del Rey, Los Angeles, CA","https://img.cdn4dd.com/cdn-cgi/image/fit=contain,width=1200,height=672,format=auto/https://doordash-static.s3.amazonaws.com/media/restaurant/cover_square/9b23aa2e-203b-4c72-8c37-cd41c5c68b17.png",29.7440869296789,-95.3919996156164
ea50d14c-8102-4d9b-964d-1b7fc84f9b4d,"Taylor, Kelley and Macias Cafe","Thai, Pickup, Takeout, Asian","20966 David Skyway Suite 715, Downtown LA, Los Angeles, CA","https://img.cdn4dd.com/cdn-cgi/image/fit=contain,width=1200,height=672,format=auto/https://doordash-static.s3.amazonaws.com/media/restaurant/cover_square/fe31dc53-1d4b-47fd-9aae-636cd4ba5c46.png",29.747424155,-95.370663379
aed6b4a0-7949-47fc-89ba-090ae1ea5a01,Williamson-James Restaurant,Baguette & Tea,"525 Jacqueline Terrace, Pacific Palisades, Los Angeles, CA","https://img.cdn4dd.com/cdn-cgi/image/fit=contain,width=1200,height=672,format=auto/https://doordash-static.s3.amazonaws.com/media/restaurant/cover_square/f052d2d9-660c-4aa8-8877-a81d61ffc606.png",29.7382287,-95.408481
f3843b9d-7db5-41a9-a39b-cc049f9a62b0,"Martinez, Howard and Carter Kitchen","Healthy, Salads, Bowls, Drinks, Dessert, Pickup, Takeout","33702 Robert Crossroad, Culver City, Los Angeles, CA","https://img.cdn4dd.com/cdn-cgi/image/fit=contain,width=1200,height=672,format=auto/https://doordash-static.s3.amazonaws.com/media/restaurant/cover_square/c754344b-e962-4f81-b68f-8c67e9098ca1.png",29.7226889,-95.3704827
3269a181-e2c8-498d-b069-fb00ed191140,Baxter-Potter Grill,"Coffee & Tea, Breakfast & Brunch, American (New)","649 Nelson Neck, Venice Beach, Los Angeles, CA","https://img.cdn4dd.com/cdn-cgi/image/fit=contain,width=1200,height=672,format=auto/https://doordash-static.s3.amazonaws.com/media/restaurant/cover_square/Empire_Cafe.png",29.7428851,-95.4035421
a693c4ff-1520-429f-91da-6c25183cdd20,"Gross, Mccoy and Wright Cafe",WINNIES,"21622 Jennifer Lodge, Mid-Wilshire, Los Angeles, CA","https://img.cdn4dd.com/cdn-cgi/image/fit=contain,width=1200,height=672,format=auto/https://doordash-static.s3.amazonaws.com/media/restaurant/cover_square/ca36a576-6b2c-4d5f-8a83-ed0d226e822d.png",29.7387815,-95.3796824
0624e4bd-313f-43dc-a22b-2c7b7ec63ea7,"Carroll, Stewart and Moore Eatery","Chinese, Chicken, Seafood, Fried Rice, Noodles","50346 Christopher Isle Suite 838, Long Beach, Los Angeles, CA","https://img.cdn4dd.com/cdn-cgi/image/fit=contain,width=1200,height=672,format=auto/https://doordash-static.s3.amazonaws.com/media/restaurant/cover_square/50df9455-48b9-4289-a24e-1715976530e3.png",29.7388727,-95.3801341
ecd5b64a-0476-49dc-99f3-04ed9100b8f6,Johnson-Burgess Restaurant,Rudyards British Pub,"707 Matthew Pines, Brentwood, Los Angeles, CA","https://img.cdn4dd.com/cdn-cgi/image/fit=contain,width=1200,height=672,format=auto/https://doordash-static.s3.amazonaws.com/media/restaurant/cover_square/573c665d-9d11-4714-8795-75a806b060f9.png",29.7499735,-95.396559
59e9c4ad-900c-4b44-bb17-03e6340cb65a,Lee-Smith Kitchen,"Asian, Vietnamese, Dim Sum, Takeout, Catering, Sushi, Pickup, Japanese","2433 Mosley Junctions, West Hollywood, Los Angeles, CA","https://img.cdn4dd.com/cdn-cgi/image/fit=contain,width=1200,height=672,format=auto/https://doordash-static.s3.amazonaws.com/media/restaurant/cover_square/Kim_Son_Cafe.jpg",29.71763415,-95.41731318
52f23cd8-c196-4ee0-8ae2-af0fb3271520,Coleman-Valencia Bistro,"Toast, Acai Bowls, Healthy Smoothies, Healthy, Juice, Juice Bar, Juice & Smoothie","26338 Smith Mission, Arts District, Los Angeles, CA","https://img.cdn4dd.com/cdn-cgi/image/fit=contain,width=1200,height=672,format=auto/https://doordash-static.s3.amazonaws.com/media/restaurant/cover_square/791f5ac2-7825-4e86-ab33-fee6f0984146.jpeg",29.7662149,-95.3648839
8ae8fe33-425d-4e36-a7c7-5033d9ea0a1b,Morales Ltd Grill,"Mexican, Fast Food, Late Night","67619 Fuentes Mount, Little Tokyo, Los Angeles, CA","https://img.cdn4dd.com/cdn-cgi/image/fit=contain,width=1200,height=672,format=auto/https://doordash-static.s3.amazonaws.com/media/restaurant/cover_square/946112c1-9c44-4e21-b18c-0242d4da306c.png",29.7757646,-95.3819373
1c6af4eb-c7a6-4f33-96e4-cf19b05de701,"Shepherd, Perez and Cardenas Grill","Chinese, Fried Rice, Party Platers, Soup, Salads","7091 Frank Row Suite 490, Los Feliz, Los Angeles, CA","https://img.cdn4dd.com/cdn-cgi/image/fit=contain,width=1200,height=672,format=auto/https://doordash-static.s3.amazonaws.com/media/restaurant/cover_square/9ad016c5-79a5-4dae-9dc1-bef055e53784.jpg",29.8161538,-95.4109316
81418775-031a-4983-be19-e5d9e78f1ce3,Dillon-Summers Cafe,"Seafood, Fish & Chips, Fried Rice, Soup, Salads","237 Bauer Spur Apt. 553, Marina del Rey, Los Angeles, CA","https://img.cdn4dd.com/cdn-cgi/image/fit=contain,width=1200,height=672,format=auto/https://doordash-static.s3.amazonaws.com/media/restaurant/cover_square/8b7601ff-089a-44fc-a257-ea638e2478d0.png",29.8108938,-95.3823608
2636eecb-d03a-420b-b281-e4867361e0c5,King Inc Grill,"Smoothies, Sandwiches, Wraps, Salads, Chicken, Cafe","875 Taylor Island, Pasadena, Los Angeles, CA","https://img.cdn4dd.com/cdn-cgi/image/fit=contain,width=1200,height=672,format=auto/https://doordash-static.s3.amazonaws.com/media/restaurant/cover_square/b9e641dc-7121-4e3b-89e6-c648989dae47.png",29.7675136,-95.3915905
e2e2dfeb-b753-4fd0-9056-8ea6b9a44796,Quinn Group Restaurant,Samosa Haus,"15668 Fleming Causeway, Long Beach, Los Angeles, CA","https://img.cdn4dd.com/cdn-cgi/image/fit=contain,width=1200,height=672,format=auto/https://doordash-static.s3.amazonaws.com/media/restaurant/cover_square/9c61d395-f98f-4e54-bb73-117c49aa4bf0.png",29.7829772,-95.4360986
9cda519b-e42b-4db5-9c93-2bbf22cd730d,"Chavez, Livingston and Rivers Cafe",Farm-to-Table Modern American,"074 Johnson Spur Apt. 549, Echo Park, Los Angeles, CA","https://img.cdn4dd.com/cdn-cgi/image/fit=contain,width=1200,height=672,format=auto/https://doordash-static.s3.amazonaws.com/media/restaurant/cover_square/240af03e-2251-44b0-8087-c9d2e81b2db9.png",29.7904676,-95.3981711
638a3313-af47-4d3b-b545-7d011d2e5031,Young-Morgan Restaurant,Mexican Grill,"238 Adrian Loop Apt. 408, Culver City, Los Angeles, CA","https://img.cdn4dd.com/cdn-cgi/image/fit=contain,width=1200,height=672,format=auto/https://doordash-static.s3.amazonaws.com/media/restaurant/cover_square/d4308303-9d32-4d10-9ace-e85c30b61247.png",29.7753048,-95.4109814
b65df742-100d-4c8c-a08a-2a94b2dfe7f8,Brewer Group Kitchen,"Asian Food, Takeout, Asian, Chinese, Pickup, Family Meals, Gluten-Free","5390 Jessica Landing, Manhattan Beach, Los Angeles, CA","https://img.cdn4dd.com/cdn-cgi/image/fit=contain,width=1200,height=672,format=auto/https://doordash-static.s3.amazonaws.com/media/restaurant/cover_square/Pei_Wei_Asian_Kitchen_logo_.jpg",29.727886,-95.4290503
4123768a-2ab3-430b-84cd-4ebdadcb7aac,Shea-Anderson Bistro,"Asian Fusion, Ramen","861 Michelle Green Suite 245, West Hollywood, Los Angeles, CA","https://img.cdn4dd.com/cdn-cgi/image/fit=contain,width=1200,height=672,format=auto/https://doordash-static.s3.amazonaws.com/media/restaurant/cover_square/6be44fbd-5626-4cc3-8fc6-395ca834493b.png",29.735152,-95.4180754
dab4f716-172d-4abb-b422-da820fe31ab3,"Fuller, Stokes and Buchanan Eatery","Smoothies, Sandwiches, Wraps, Salads, Chicken, Cafe","131 Shelly Manors, Mid-Wilshire, Los Angeles, CA","https://img.cdn4dd.com/cdn-cgi/image/fit=contain,width=1200,height=672,format=auto/https://doordash-static.s3.amazonaws.com/media/restaurant/cover_square/b9e641dc-7121-4e3b-89e6-c648989dae47.png",29.7675136,-95.3915905
bf49013d-031c-4d26-aee1-aea83f166495,"Flores, Brown and Jenkins Bistro",duck n bao,"02382 Brown Plains, Koreatown, Los Angeles, CA","https://img.cdn4dd.com/cdn-cgi/image/fit=contain,width=1200,height=672,format=auto/https://doordash-static.s3.amazonaws.com/media/restaurant/cover_square/61bc5e69-5d59-40aa-b2b9-c125e6f26cf1.png",29.7607632324038,-95.4181979992901
40307fac-0505-4c89-9f9a-1dcda72749c9,Klein Inc Kitchen,Canary Cafe,"522 Ayers Mills, Los Feliz, Los Angeles, CA","https://img.cdn4dd.com/cdn-cgi/image/fit=contain,width=1200,height=672,format=auto/https://doordash-static.s3.amazonaws.com/media/restaurant/cover_square/5468efd1-63ba-4636-ae8c-b33896cfee58.png",29.8045399,-95.3683976
7407a64e-4a9c-4bc1-a9e5-cd57f1d32182,Williams-Shaw Bistro,Traditional Indian Cuisine,"62581 Kristin Stream, Silver Lake, Los Angeles, CA","https://img.cdn4dd.com/cdn-cgi/image/fit=contain,width=1200,height=672,format=auto/https://doordash-static.s3.amazonaws.com/media/restaurant/cover_square/Kirans_.png",29.733959,-95.422517
919bfbbd-4284-41d9-927f-be56c972d3b4,Perez-Ferguson Eatery,"Pickup, Pho, Takeout, Seafood","4940 Javier Lodge Suite 168, Malibu, Los Angeles, CA","https://img.cdn4dd.com/cdn-cgi/image/fit=contain,width=1200,height=672,format=auto/https://doordash-static.s3.amazonaws.com/media/restaurant/cover_square/2c42b8e1-90b7-4875-b818-94f4358180eb.090",29.7322253,-95.4408877
bc478dbd-7456-4462-8578-447efa566235,Rivera-Howard Cafe,"Cafe barista, fast-casual eatery, and gourmand market all in one.","20838 Andre Garden Apt. 645, Pacific Palisades, Los Angeles, CA","https://img.cdn4dd.com/cdn-cgi/image/fit=contain,width=1200,height=672,format=auto/https://doordash-static.s3.amazonaws.com/media/restaurant/cover_square/Urban-Eats_logo.png",29.7695664,-95.3947899
dbe8ae6b-2354-458c-997f-8d368ba00904,Ellison-Espinoza Eatery,Japanese  Restaurant,"0853 Julie Squares Apt. 571, Venice Beach, Los Angeles, CA","https://img.cdn4dd.com/cdn-cgi/image/fit=contain,width=1200,height=672,format=auto/https://doordash-static.s3.amazonaws.com/media/restaurant/cover_square/7c643542-c4b2-4f45-8c82-ff3d8b80c65c.png",29.750596,-95.3753185
85f7857f-b84f-4297-96f8-728c32a9703a,Cunningham-Dawson Grill,Toasted Subs,"27308 Adrian Manor, Downtown LA, Los Angeles, CA","https://img.cdn4dd.com/cdn-cgi/image/fit=contain,width=1200,height=672,format=auto/https://doordash-static.s3.amazonaws.com/media/restaurant/cover_square/2df103c4-83f4-452b-a985-ea2a9859c754.png",29.770854,-95.3798034
1316e514-1470-4610-80e4-1d5f08da1fb2,Guzman-Clarke Eatery,Chicken Tenders Burgers Ribs Fajitas & More,"772 Gibbs Ranch, Little Tokyo, Los Angeles, CA","https://img.cdn4dd.com/cdn-cgi/image/fit=contain,width=1200,height=672,format=auto/https://doordash-static.s3.amazonaws.com/media/restaurant/cover_square/Chilis_Grill__Bar_logo.jpg",29.7763336,-95.3834445
67479a0d-18d0-4fe0-9fdf-5ac2d220eed0,Smith-Williams Kitchen,"Takeout, Gyro, Sandwiches, Halal, Pickup, Dessert","3243 Francisco Harbors Apt. 084, Silver Lake, Los Angeles, CA","https://img.cdn4dd.com/cdn-cgi/image/fit=contain,width=1200,height=672,format=auto/https://doordash-static.s3.amazonaws.com/media/restaurant/cover_square/The_Halal_Guys_logo.jpg",29.7592796,-95.3624699
24c269d4-0f1d-4aaa-95a7-b4d13315de82,"Briggs, Sampson and Gonzalez Eatery","Venezuelan, Mediterranean","965 James Locks, Westwood, Los Angeles, CA","https://img.cdn4dd.com/cdn-cgi/image/fit=contain,width=1200,height=672,format=auto/https://doordash-static.s3.amazonaws.com/media/restaurant/cover_square/6d64007d-8749-4ebe-85a5-b7baf03ab217.png",29.7362742,-95.4108353
9915efc5-8b73-4c62-ac77-12e122d83ccf,Ortiz-Green Bistro,Peony & Crane,"15075 Alexander Brooks Apt. 155, Hermosa Beach, Los Angeles, CA","https://img.cdn4dd.com/cdn-cgi/image/fit=contain,width=1200,height=672,format=auto/https://doordash-static.s3.amazonaws.com/media/restaurant/cover_square/79762362-4bf0-46dd-80bc-b5b59d62e9e4.jpg",29.8026272,-95.4093155
4eb8111f-bade-4a1e-86fd-b57ac8bbef60,Gomez Ltd Restaurant,"Vietnamese, Pho, Banh Mi, Fried Rice","2923 Paul Lodge, Los Feliz, Los Angeles, CA","https://img.cdn4dd.com/cdn-cgi/image/fit=contain,width=1200,height=672,format=auto/https://doordash-static.s3.amazonaws.com/media/restaurant/cover_square/cd2240e8-6bf6-42fc-aa9c-65eb73afd512.png",29.8038836,-95.3930201
586ff4f7-3fb9-4baf-a101-69ad78e3b3c5,Ford-Cook Restaurant,"Breakfast, Breakfast and Lunch, Lunch, Healthy","4727 Miranda Gardens, Santa Monica, Los Angeles, CA","https://img.cdn4dd.com/cdn-cgi/image/fit=contain,width=1200,height=672,format=auto/https://doordash-static.s3.amazonaws.com/media/restaurant/cover_square/21b1453e-8889-422a-98d5-19d61820bb1a.png",29.7333304,-95.4194012
6010536c-a363-472c-9dd2-5b5535916265,Barnett-Young Grill,"American (Traditional), Steakhouses","4484 Walker Landing Apt. 242, Long Beach, Los Angeles, CA","https://img.cdn4dd.com/cdn-cgi/image/fit=contain,width=1200,height=672,format=auto/https://doordash-static.s3.amazonaws.com/media/restaurant/cover_square/a39fbc1e-122d-432d-8b19-c8b64d9e431a.png",29.7669988,-95.4090417
f110c820-2308-46ab-88de-ce8a96e27328,Davis PLC Grill,Burgers,"72343 Mata Port, Little Tokyo, Los Angeles, CA","https://img.cdn4dd.com/cdn-cgi/image/fit=contain,width=1200,height=672,format=auto/https://doordash-static.s3.amazonaws.com/media/restaurant/cover_square/fe679340-66c0-4e61-90ce-674e74879239.jpg",29.7736191,-95.3981886
9ea287af-c9f0-4218-a09a-a1e13456141e,"Rice, Reynolds and Smith Eatery","Breakfast, Coffee, Pizza, Burgers, Sandwiches","0525 Carlson Mall, Hollywood, Los Angeles, CA","https://img.cdn4dd.com/cdn-cgi/image/fit=contain,width=1200,height=672,format=auto/https://doordash-static.s3.amazonaws.com/media/restaurant/cover_square/c3f8ff09-5297-4ee0-8880-757bd9c0216f.png",29.7426451,-95.4022586
495db614-f7f4-4b7c-a5dd-1d1b0ef58ee0,Everett Inc Bistro,Raw vegan cuisine from the chef’s own kitchen.,"5023 Wilson Valley Apt. 066, Pacific Palisades, Los Angeles, CA","https://img.cdn4dd.com/cdn-cgi/image/fit=contain,width=1200,height=672,format=auto/https://doordash-static.s3.amazonaws.com/media/restaurant/cover_square/6d2971be-a72e-4639-906d-b4bcb90e98d9.png",29.7557126,-95.3870433
dbae0a0f-5cb6-4dbc-833e-6c8629cf567e,Banks Group Eatery,Reaux of Sweets,"64439 Hayes Island, Beverly Hills, Los Angeles, CA","https://img.cdn4dd.com/cdn-cgi/image/fit=contain,width=1200,height=672,format=auto/https://doordash-static.s3.amazonaws.com/media/restaurant/cover_square/2930950a-f729-4a26-bd6b-b261dbb6d0f9.png",29.7226889,-95.3704827
3dfad23b-fca8-4a0f-b7df-487087d4ae4d,Taylor-Hoover Restaurant,"Cold-Pressed, 100% Fruits & Vegetables, Non-GMO","0031 Hansen Stravenue, Arts District, Los Angeles, CA","https://img.cdn4dd.com/cdn-cgi/image/fit=contain,width=1200,height=672,format=auto/https://doordash-static.s3.amazonaws.com/media/restaurant/cover_square/15238e7a-4f78-4652-903a-cfaf7d4856be.jpeg",29.78391,-95.39841
